Id_cliente;Edad;Genero;Venta_total;N_Compras;FechaCompra;MontoCompra;MetodoPago;Tiempo;Navegador;Boletin;Vale
504308;18;1;737.4;8;2/02/2021;109.054;2;1022;0;1;0
504309;46;1;689.2;17;10/10/2021;35.326;1;865;0;0;0
504310;38;0;95.6;1;27/08/2021;89.353;2;900;2;1;1
504311;44;1;75.7;2;10/06/2021;27.22;1;793;0;1;0
504312;41;0;46;2;8/06/2021;28.531;0;729;0;0;0
504313;24;1;20.9;1;10/11/2021;16.611;1;878;2;0;1
504314;18;1;269;6;1/02/2021;44.661;1;807;1;1;0
504315;27;0;376.5;10;12/09/2021;54.977;2;689;3;1;1
504316;43;0;122.3;4;15/03/2021;42.839;1;525;0;0;1
504317;44;0;239.4;5;4/02/2021;43.883;1;932;1;1;0
504318;20;1;220.5;6;12/07/2021;49.296;0;859;0;1;0
504319;24;0;224.7;11;23/12/2021;20.614;1;651;1;1;1
504320;27;0;89.5;3;26/09/2021;36.122;0;992;0;0;0
504321;32;1;222.8;4;5/10/2021;73.833;1;824;0;0;0
504322;20;0;98.4;4;19/09/2021;34.432;0;757;4;0;1
504323;19;1;48.8;4;14/10/2021;18.26;0;919;1;1;0
504324;26;1;1481.3;25;7/07/2021;58.086;0;880;1;0;0
504325;37;0;271.9;7;16/02/2021;37.418;1;833;0;1;0
504326;22;0;200.8;7;3/11/2021;38.581;1;726;1;0;1
504327;35;1;222.7;9;14/06/2021;34.512;0;1137;0;0;1
504328;49;1;110.8;3;2/07/2021;54.547;1;648;0;0;0
504329;20;0;65.3;3;16/05/2021;25.959;1;914;0;1;0
504330;34;1;1107.9;15;8/03/2021;67.091;0;765;0;0;0
504331;48;0;39.1;1;5/12/2021;37.145;1;862;0;1;0
504332;31;0;904.5;16;13/10/2021;54.114;1;962;2;1;0
504333;29;1;312.7;5;24/08/2021;61.269;1;724;0;1;1
504334;50;0;75.7;5;27/05/2021;20.763;1;848;2;1;0
504335;32;0;286.1;4;28/10/2021;42.092;1;768;3;1;0
504336;49;1;414.2;10;19/07/2021;36.4;2;665;0;1;1
504337;41;0;172.4;4;11/06/2021;47.971;1;986;1;0;0
504338;32;0;151;7;14/06/2021;34.061;1;908;0;1;0
504339;42;0;77.4;7;24/03/2021;14.551;1;642;3;1;0
504340;40;1;160;2;3/02/2021;49.953;1;979;0;0;0
504341;48;1;87.2;6;22/07/2021;13.203;1;630;0;0;0
504342;29;1;39.6;1;21/11/2021;37.302;1;775;0;1;0
504343;36;0;490.2;7;24/01/2021;79.649;1;643;3;1;0
504344;35;1;183.7;2;10/11/2021;65.749;1;915;0;0;0
504345;44;1;378.4;8;30/10/2021;47.609;1;654;2;1;1
504346;24;0;28.4;1;12/04/2021;26.98;1;917;0;0;0
504347;48;0;122.5;5;19/08/2021;41.666;1;867;1;0;1
504348;42;1;276.8;5;2/03/2021;66.648;1;712;0;1;1
504349;20;0;293.1;11;4/10/2021;23.311;1;1109;0;0;0
504350;50;1;306;6;13/09/2021;50.156;2;646;0;0;1
504351;63;1;56.4;3;10/05/2021;24.582;2;526;0;1;0
504352;48;0;91.7;3;25/01/2021;31.125;2;894;2;0;0
504353;53;1;135;4;21/12/2021;29.736;0;373;1;0;0
504354;37;1;749.8;12;12/06/2021;49.77;1;1049;0;1;1
504355;18;0;268.5;7;22/11/2021;42.559;1;798;0;0;0
504356;18;1;677.6;5;5/09/2021;87.631;0;523;0;1;0
504357;39;0;274.6;7;12/10/2021;37.461;2;589;1;1;1
504358;29;1;71.2;2;5/10/2021;45.382;1;446;2;1;1
504359;25;0;69.3;1;13/03/2021;65.835;1;789;3;0;1
504360;35;0;42.2;2;13/05/2021;40.018;2;481;3;0;1
504361;43;0;197;7;20/06/2021;36.567;1;870;0;0;0
504362;19;0;126;2;1/07/2021;43.738;2;725;0;0;0
504363;31;0;132.9;6;16/01/2021;25.04;1;634;3;1;0
504364;54;0;51.9;2;19/07/2021;39.461;0;872;0;1;0
504365;23;1;102.2;5;26/02/2021;28.828;0;892;0;1;1
504366;46;0;131.2;4;29/09/2021;35.215;2;986;0;1;1
504367;30;0;163.6;2;7/09/2021;90.122;1;626;2;0;0
504368;43;0;39.1;1;3/12/2021;37.145;1;755;1;1;1
504369;49;1;152.2;4;29/09/2021;47.455;1;596;4;0;1
504370;45;0;37.4;4;14/05/2021;10.958;1;809;0;1;0
504371;47;1;171;4;20/12/2021;43.956;1;640;0;1;0
504372;22;1;253;4;30/05/2021;94.355;1;704;0;1;1
504373;49;0;174.3;7;29/04/2021;24.116;1;665;2;1;0
504374;26;1;87.9;2;27/11/2021;57.005;1;833;0;0;0
504375;39;0;48.5;2;16/05/2021;25.685;2;721;3;0;0
504376;39;1;56;3;28/01/2021;19.711;2;871;0;0;1
504377;42;0;106.7;4;21/06/2021;32.957;1;721;2;1;1
504378;40;1;26.2;1;18/10/2021;24.89;1;636;2;0;0
504379;26;1;173.1;4;11/03/2021;36.864;0;814;0;1;0
504380;20;0;73.2;3;18/06/2021;29.596;2;595;1;0;0
504381;46;0;138.3;4;17/02/2021;23.001;2;882;0;1;0
504382;38;0;156.9;5;8/09/2021;43.592;1;689;2;1;0
504383;50;0;241.3;3;23/06/2021;59.907;2;777;2;0;0
504384;35;1;55.5;1;1/05/2021;52.725;1;800;1;1;1
504385;19;1;239.9;6;24/03/2021;36.024;1;1068;0;1;0
504386;48;1;354.2;8;26/07/2021;34.815;1;779;4;1;0
504387;32;1;87.7;2;2/09/2021;44.184;2;733;3;0;0
504388;40;1;144.8;5;10/12/2021;27.867;2;635;1;1;0
504389;28;1;206.5;4;9/06/2021;51.11;1;854;4;0;0
504390;56;0;149.2;6;28/02/2021;20.253;0;731;0;0;0
504391;25;0;20.5;1;31/10/2021;15.963;0;505;0;0;0
504392;32;0;457.9;10;18/08/2021;46.13;1;745;0;1;0
504393;37;0;61.8;3;13/09/2021;25.068;2;814;0;0;1
504394;23;0;305.1;16;5/02/2021;24.912;1;633;0;1;0
504395;40;0;93.4;4;25/04/2021;22.379;0;739;1;0;0
504396;55;0;332.2;8;8/10/2021;47.15;1;767;0;0;0
504397;30;0;29.3;1;31/10/2021;27.586;2;770;0;1;1
504398;41;0;336.9;5;8/06/2021;77.678;2;982;1;0;1
504399;18;0;278;6;21/10/2021;46.04;2;504;2;0;0
504400;36;0;191.2;4;4/11/2021;39.422;1;1076;4;0;0
504401;32;0;74.4;1;22/05/2021;70.68;2;774;0;0;0
504402;26;1;155.5;9;24/11/2021;22.527;2;844;2;0;0
504403;49;1;1130.4;22;16/04/2021;43.711;2;803;0;1;1
504404;32;0;15;1;29/03/2021;14.177;1;469;0;1;1
504405;34;0;33.9;1;7/09/2021;32.205;1;570;1;0;1
504406;31;0;35.9;2;21/08/2021;19.35;2;686;0;0;0
504406;31;0;35.9;2;21/08/2021;19.35;2;686;0;0;0
504406;31;0;35.9;2;21/08/2021;19.35;2;686;0;0;0
504406;31;0;35.9;2;21/08/2021;19.35;2;686;0;0;0
504406;31;0;35.9;2;21/08/2021;19.35;2;686;0;0;0
504406;31;0;35.9;2;21/08/2021;19.35;2;686;0;0;0
504406;31;0;35.9;2;21/08/2021;19.35;2;686;0;0;0
504406;31;0;35.9;2;21/08/2021;19.35;2;686;0;0;0
504406;31;0;35.9;2;21/08/2021;19.35;2;686;0;0;0
504406;31;0;35.9;2;21/08/2021;19.35;2;686;0;0;0
504406;31;0;35.9;2;21/08/2021;19.35;2;686;0;0;0
504406;31;0;35.9;2;21/08/2021;19.35;2;686;0;0;0
504406;31;0;35.9;2;21/08/2021;19.35;2;686;0;0;0
504406;31;0;35.9;2;21/08/2021;19.35;2;686;0;0;0
504406;31;0;35.9;2;21/08/2021;19.35;2;686;0;0;0
504406;31;0;35.9;2;21/08/2021;19.35;2;686;0;0;0
504406;31;0;35.9;2;21/08/2021;19.35;2;686;0;0;0
504406;31;0;35.9;2;21/08/2021;19.35;2;686;0;0;0
504406;31;0;35.9;2;21/08/2021;19.35;2;686;0;0;0
504406;31;0;35.9;2;21/08/2021;19.35;2;686;0;0;0
504406;31;0;35.9;2;21/08/2021;19.35;2;686;0;0;0
504427;29;0;53;4;11/02/2021;14.96;1;681;0;0;1
504428;43;1;511.7;8;10/06/2021;55.324;1;646;0;0;0
504429;41;0;82.2;8;1/09/2021;9.602;1;814;0;0;0
504430;35;1;124;2;27/08/2021;33.743;2;818;0;0;1
504431;31;1;83;1;21/06/2021;59.331;1;479;0;0;1
504432;38;1;78.6;2;9/11/2021;30.123;1;905;1;1;0
504433;43;1;1089.1;14;26/07/2021;66.759;1;783;0;1;0
504434;61;1;100.7;2;29/01/2021;42.401;2;804;2;1;0
504435;47;0;90;3;7/10/2021;23.322;2;854;3;0;0
504436;48;1;305.1;5;29/07/2021;39.992;1;642;0;1;0
504437;73;1;128.3;2;20/08/2021;79.535;2;1007;0;0;0
504438;42;1;163.9;3;26/07/2021;47.153;1;754;0;1;1
504439;42;1;45.6;1;22/07/2021;43.307;0;992;3;0;0
504440;44;1;111.4;2;3/02/2021;43.427;2;619;0;1;0
504441;24;1;51.4;2;24/07/2021;25.456;1;1039;0;1;0
504442;31;0;29.5;2;18/10/2021;16.679;1;547;4;0;0
504443;30;0;186;5;21/04/2021;41.921;2;1239;0;1;0
504444;44;1;435.3;6;9/08/2021;78.995;1;609;0;1;1
504445;34;1;101.1;2;12/01/2021;44.707;1;910;3;1;0
504446;38;0;83.4;5;7/05/2021;18.667;1;655;3;0;0
504447;49;0;272.2;9;9/06/2021;43.94;2;909;0;0;0
504448;46;1;651;10;25/12/2021;55.526;1;773;0;1;0
504449;34;0;465.6;8;20/03/2021;60.335;0;584;0;0;0
504450;28;1;110.1;4;11/04/2021;46.62;2;277;0;1;0
504451;50;1;42.4;1;30/05/2021;40.28;1;1231;0;0;0
504452;45;0;145.5;5;29/12/2021;27.289;1;793;0;0;0
504453;18;0;405.3;11;8/11/2021;31.488;2;230;1;1;0
504454;32;1;356;5;13/01/2021;54.231;1;794;2;1;0
504455;38;0;184.1;9;27/03/2021;23.419;0;844;3;1;0
504456;45;1;42.6;2;27/10/2021;27.373;1;611;2;1;1
504457;47;0;343.6;6;22/01/2021;50.188;2;652;0;1;0
504458;39;0;70.5;2;9/11/2021;48.208;2;776;0;1;1
504459;43;0;386.3;7;13/04/2021;68.214;1;996;0;1;0
504460;37;1;332.6;6;1/12/2021;53.156;2;798;0;1;0
504461;28;1;205;7;18/04/2021;27.528;2;1043;0;1;0
504462;33;1;395.6;5;8/06/2021;69.423;1;944;2;1;0
504463;36;0;165.6;4;30/08/2021;40.508;2;739;0;1;0
504464;36;1;638.3;17;16/02/2021;48.524;2;497;0;1;0
504465;18;0;338.5;13;23/07/2021;28.651;1;739;0;0;0
504466;31;1;180.5;4;4/07/2021;44.525;1;805;4;1;0
504467;37;1;116.8;3;14/10/2021;28.543;2;771;1;1;0
504468;33;0;168.6;10;30/12/2021;15.819;2;894;0;1;1
504469;33;1;166.3;2;31/08/2021;80.217;1;935;0;0;0
504470;42;0;257.1;9;30/05/2021;26.272;1;816;3;0;1
504471;23;0;75.7;2;29/05/2021;27.555;0;730;0;0;0
504472;18;1;98;5;2/06/2021;30.899;0;854;1;0;1
504473;32;1;246.8;3;25/10/2021;82.028;0;1162;1;0;0
504474;45;0;492;16;28/04/2021;46.39;2;492;1;0;0
504475;56;1;52;1;2/03/2021;48.669;1;868;0;0;0
504476;45;0;629.6;13;3/05/2021;54.855;1;1050;3;1;0
504477;18;1;397.6;6;9/01/2021;47.452;0;569;0;0;0
504478;33;1;261.2;5;8/02/2021;39.269;1;960;0;1;0
504479;39;0;128.7;2;2/02/2021;38.695;0;984;0;0;0
504480;38;1;389.8;6;9/10/2021;69.767;1;514;0;0;0
504481;42;1;416.4;19;21/09/2021;20.608;2;908;0;0;0
504482;25;0;161.6;7;12/09/2021;23.404;2;691;2;0;0
504483;37;0;68.1;1;18/06/2021;52.896;0;729;2;0;1
504484;41;0;327.6;8;19/09/2021;41.238;1;722;0;1;0
504485;46;1;32.2;1;28/02/2021;30.59;1;976;2;0;0
504486;26;1;284.4;4;25/11/2021;124.213;1;690;4;1;1
504487;32;1;142.7;5;2/07/2021;20.827;1;697;0;1;0
504488;18;1;114.5;3;9/12/2021;35.155;1;680;1;0;0
504489;29;1;380.5;9;25/02/2021;40.267;1;649;4;1;0
504490;30;0;85.1;2;1/07/2021;28.941;1;546;2;0;0
504491;24;0;163.5;6;12/09/2021;26.251;1;695;0;0;0
504492;38;1;82.7;4;30/06/2021;29.93;0;741;3;1;0
504493;35;0;324.2;6;12/06/2021;73.871;0;833;1;1;0
504494;18;0;197.7;6;2/03/2021;28.312;2;997;0;0;0
504495;39;1;302.9;6;20/05/2021;42.199;1;823;0;1;0
504496;25;1;94.2;2;29/03/2021;26.92;1;695;0;0;0
504497;42;1;248.7;5;21/04/2021;48.707;1;598;0;0;0
504498;21;0;351.7;4;7/09/2021;54.531;2;833;0;1;0
504499;36;1;197.9;8;19/08/2021;32.433;1;759;0;1;0
504500;33;0;198.3;5;10/08/2021;47.159;1;725;2;1;0
504501;40;0;287.8;11;13/05/2021;33.978;1;807;1;1;0
504502;37;1;281.4;7;17/12/2021;41.997;1;873;0;1;1
504503;33;1;803.8;13;1/02/2021;49.602;1;829;0;1;1
504504;18;1;149.1;4;6/05/2021;38.357;1;749;0;0;0
504505;18;1;89.1;3;13/02/2021;37.025;1;636;0;0;0
504506;29;1;65.7;3;4/05/2021;18.404;0;650;1;0;0
504507;36;0;118.6;6;18/12/2021;20.077;0;933;0;0;0
504508;29;0;111.8;6;14/05/2021;15.593;0;644;3;1;0
504509;44;1;58.3;3;28/11/2021;21.055;0;538;0;1;1
504510;33;1;179.5;4;30/06/2021;48.542;2;989;0;1;1
504511;24;0;49.4;1;13/09/2021;29.262;1;570;2;0;0
504512;33;0;27.5;1;16/06/2021;26.125;1;786;0;0;0
504513;39;0;444.3;5;8/04/2021;78.769;1;868;0;0;0
504514;40;0;73.2;1;6/10/2021;60.126;1;781;0;1;0
504515;59;1;47.6;2;20/12/2021;17.98;2;314;1;0;0
504516;28;0;57.7;3;7/04/2021;28.313;1;850;0;0;1
504517;35;0;158.1;6;12/10/2021;26.225;1;979;2;1;1
504518;41;1;132.4;4;6/04/2021;36.716;2;902;1;0;0
504519;36;1;56.8;3;19/09/2021;18.986;1;338;3;1;0
504520;30;0;27.1;1;15/10/2021;25.745;2;1143;1;0;0
504521;18;0;279.8;8;14/06/2021;39.322;0;501;2;0;0
504522;30;0;527.4;10;26/09/2021;38.021;2;566;1;1;1
504523;23;0;25.4;1;10/04/2021;19.41;0;921;0;0;0
504524;18;0;101.6;4;29/01/2021;35.501;1;842;1;0;0
504525;26;0;71.5;2;5/02/2021;37.841;1;774;1;1;0
504526;23;0;264.4;7;13/06/2021;38.55;2;678;0;0;0
504527;43;0;141.4;5;26/11/2021;22.377;1;1000;1;0;1
504528;43;0;370.7;9;16/02/2021;54.422;1;773;0;0;0
504529;25;1;47.5;2;16/06/2021;27.982;1;498;0;1;0
504530;33;0;183.2;10;14/09/2021;24.954;1;1002;0;1;1
504531;18;0;148.1;7;15/03/2021;34.316;1;819;0;1;0
504532;30;1;91.9;3;21/09/2021;53.944;2;981;0;1;1
504533;41;0;257.4;5;22/04/2021;51.676;2;883;0;0;1
504534;46;0;160.7;3;23/10/2021;64.336;0;1210;0;0;0
504535;27;1;447;16;31/07/2021;26.3;2;724;0;1;0
504536;49;1;23.8;2;19/07/2021;17.742;1;763;1;0;0
504537;18;0;43.2;2;6/03/2021;28.692;1;910;0;1;0
504538;21;1;17.6;2;19/06/2021;10.592;2;655;4;1;1
504539;45;1;70.3;4;9/11/2021;28.125;1;884;2;1;1
504540;56;0;115;4;8/01/2021;31.007;1;249;0;0;0
504541;42;0;129.5;5;4/10/2021;28.031;1;767;0;1;0
504542;36;0;752.3;18;29/06/2021;49.564;2;761;0;1;1
504543;18;1;257;11;20/09/2021;32.933;1;755;0;0;0
504544;18;0;109;2;31/08/2021;40.668;1;622;0;0;0
504545;38;0;119.7;4;7/06/2021;40.513;1;923;1;0;0
504546;32;0;19.1;1;23/04/2021;18.145;1;669;1;0;0
504547;23;1;138.3;3;17/08/2021;51.774;0;816;0;1;1
504548;37;0;281.9;10;21/02/2021;28.002;1;753;1;1;0
504549;37;0;54.5;2;2/08/2021;38.558;1;870;0;0;0
504550;47;0;97.6;2;4/02/2021;51.442;0;998;2;0;1
504551;38;1;62.7;3;26/08/2021;26.853;1;755;3;1;1
504552;51;0;210.8;7;18/08/2021;26.415;1;931;0;0;0
504553;36;1;137.3;3;31/01/2021;40.941;1;766;2;1;1
504554;35;0;28.7;1;4/10/2021;27.265;1;649;2;1;0
504555;49;0;1014.9;15;1/06/2021;78.166;1;755;0;0;0
504556;24;0;165.1;3;15/10/2021;41.761;0;729;0;1;1
504557;70;0;46.4;2;16/01/2021;20.94;1;842;2;0;0
504558;41;0;308.6;4;7/03/2021;105.559;2;799;0;0;1
504559;41;1;42.1;1;30/06/2021;39.995;1;637;0;1;0
504560;42;0;154.1;4;10/03/2021;35.107;1;720;1;0;0
504561;59;1;413.2;6;1/05/2021;80.598;1;505;0;0;1
504562;46;0;131.8;4;30/08/2021;48.034;1;747;0;1;1
504563;18;1;130.7;4;22/02/2021;32.05;1;710;4;0;0
504564;53;0;26.9;2;5/09/2021;20.377;0;1106;0;0;1
504565;32;1;76.4;6;7/02/2021;12.483;1;1023;0;1;0
504566;37;0;1122.5;17;5/03/2021;61.828;2;574;1;0;0
504567;21;1;122.8;4;3/08/2021;38.044;1;816;0;0;0
504568;42;1;186;5;17/10/2021;37.004;0;799;1;0;1
504569;28;1;40.4;1;4/03/2021;38.38;0;719;1;1;1
504570;37;1;158.9;4;20/04/2021;40.177;2;750;0;0;0
504571;33;0;198.2;6;4/12/2021;53.434;2;716;0;1;1
504572;59;0;150.6;6;28/12/2021;24.642;1;1057;3;0;0
504573;60;0;156.2;3;1/08/2021;45.751;1;645;3;1;1
504574;37;1;52.7;1;13/06/2021;50.065;2;841;0;1;1
504575;37;0;175.4;5;7/05/2021;32.521;1;325;0;1;1
504576;32;0;77.9;7;12/08/2021;12.857;1;928;0;1;0
504577;49;1;369.8;12;4/08/2021;24.729;1;933;3;0;0
504578;32;0;234.8;8;18/04/2021;19.079;2;551;2;0;0
504579;31;1;243.3;4;9/01/2021;59.662;1;688;0;0;0
504580;48;0;414.6;16;25/02/2021;22.679;1;801;3;0;0
504581;30;1;48.9;2;16/12/2021;22.348;1;784;0;0;0
504582;36;1;464.6;14;2/06/2021;26.144;1;864;0;1;0
504583;18;1;139.8;3;26/06/2021;49.386;1;708;1;0;0
504584;44;0;1103.4;18;20/06/2021;51.984;1;1115;0;1;0
504585;59;0;235.7;11;13/10/2021;25.595;1;639;1;1;0
504586;45;0;116.7;3;24/01/2021;29.432;1;1264;0;0;0
504587;54;0;474.9;19;31/01/2021;32.637;1;964;2;0;0
504588;26;1;66.1;1;11/04/2021;62.795;1;870;3;1;0
504589;39;0;35.5;3;27/06/2021;13.901;1;593;0;0;0
504590;25;0;182.7;9;2/09/2021;18.474;2;944;0;0;0
504591;33;0;1547.4;12;29/06/2021;106.603;0;869;1;1;0
504592;45;1;139.8;2;11/06/2021;61.246;1;398;0;1;0
504593;37;0;18.5;1;9/12/2021;17.54;1;487;2;0;0
504594;19;0;600.6;3;28/02/2021;139.061;1;824;1;0;0
504595;20;0;296.4;5;28/07/2021;44.31;1;756;0;0;0
504596;19;0;293;8;17/07/2021;34.287;1;647;2;0;0
504597;42;1;245.2;4;22/06/2021;80.537;2;974;0;0;1
504598;61;0;104;6;22/10/2021;24.326;2;621;0;1;0
504599;52;1;34.5;1;8/04/2021;28.974;1;698;0;1;0
504600;18;1;187.1;6;15/12/2021;33.728;1;624;2;0;0
504601;53;1;117;2;2/05/2021;51.042;2;812;3;1;1
504602;47;1;854.4;15;18/07/2021;50.291;1;470;0;1;1
504603;18;1;342.6;10;10/07/2021;42.279;1;690;0;0;1
504604;32;0;117.4;4;7/11/2021;29.286;1;470;0;1;0
504605;49;0;171.1;4;10/06/2021;43.098;0;704;1;1;0
504606;43;1;226.8;4;14/04/2021;39.503;1;910;0;1;0
504607;20;1;331.9;11;8/01/2021;33.097;0;913;0;0;0
504608;43;0;219.2;6;13/05/2021;31.065;1;649;0;1;0
504609;18;0;27.9;1;29/10/2021;26.321;2;876;0;0;0
504610;33;0;81.5;3;4/01/2021;18.474;1;727;1;0;0
504611;50;0;173.8;3;24/11/2021;68.418;2;1025;0;1;0
504612;36;0;302.3;8;18/07/2021;49.049;2;757;0;1;0
504613;30;0;343.9;10;21/02/2021;55.061;1;245;0;1;0
504614;47;0;133.8;6;21/04/2021;21.402;0;941;0;0;0
504615;48;1;30.5;1;22/07/2021;28.788;1;697;0;0;0
504616;52;1;66.1;2;26/04/2021;34.929;1;731;0;1;0
504617;46;1;478;9;9/02/2021;42.339;1;840;0;1;0
504618;49;1;74.6;2;1/09/2021;25.5;1;524;0;1;0
504619;45;0;323.9;5;3/09/2021;78.667;2;793;0;0;0
504620;39;0;500.9;10;13/02/2021;53.046;2;856;1;1;0
504621;37;1;124.3;5;13/04/2021;37.973;2;846;0;0;0
504622;33;1;213.7;5;31/03/2021;45.527;1;672;0;0;1
504623;21;1;157;6;29/08/2021;30.706;2;939;1;1;0
504624;25;1;92.5;4;24/09/2021;25.757;2;600;0;0;0
504625;33;1;83.6;7;23/09/2021;13.512;2;667;0;1;1
504626;39;1;745.6;13;9/12/2021;50.88;1;716;2;1;0
504627;53;1;138.2;4;8/10/2021;37.012;1;833;0;1;0
504628;35;1;94.4;1;28/04/2021;57.828;1;662;3;0;0
504629;48;0;238.7;5;9/02/2021;54.005;1;1001;0;0;1
504630;49;0;168.5;7;13/08/2021;34.525;0;773;3;0;0
504631;33;0;147.3;5;1/12/2021;35.722;1;754;2;1;0
504632;43;1;305.1;10;22/12/2021;29.284;2;827;0;1;1
504633;33;1;167.2;7;26/03/2021;20.443;1;912;0;0;0
504634;52;0;185.9;8;28/03/2021;23.554;1;803;1;1;0
504635;44;0;23.2;1;14/01/2021;22.04;1;454;0;0;0
504636;22;1;252.4;8;21/02/2021;30.469;1;976;0;0;0
504637;38;0;281.6;5;22/07/2021;48.291;1;742;3;0;0
504638;56;1;489.8;10;19/07/2021;50.039;0;883;1;0;0
504639;34;0;37.1;3;16/05/2021;17.143;1;647;3;0;0
504640;41;0;53.1;1;24/04/2021;50.445;1;411;2;0;0
504641;43;0;124.5;4;30/10/2021;36.558;0;330;2;0;0
504642;24;0;323.6;9;17/06/2021;48.929;0;590;1;1;0
504643;42;0;98;3;23/10/2021;45.001;1;853;1;0;0
504644;19;0;16.2;1;18/12/2021;15.183;1;954;3;1;0
504645;28;0;265.4;7;26/04/2021;39.03;1;814;1;1;0
504646;49;0;652;8;15/03/2021;69.899;1;591;0;0;0
504647;40;1;158.9;5;14/12/2021;20.928;2;619;1;1;0
504648;32;0;57.6;2;20/08/2021;25.888;1;1025;0;0;1
504649;41;0;16.1;1;17/04/2021;13.87;1;484;3;0;0
504650;35;0;166.1;8;15/08/2021;34.797;1;1138;1;1;1
504651;36;1;62.6;3;7/07/2021;18.409;2;1098;1;1;0
504652;44;1;24.5;1;27/11/2021;23.275;0;1164;0;0;0
504653;27;1;102.9;2;4/04/2021;39.105;0;849;0;1;0
504654;36;1;254.1;7;28/12/2021;50.523;1;719;0;1;0
504655;32;0;109.3;6;8/12/2021;14.911;1;824;1;0;0
504656;18;1;28.4;1;7/03/2021;26.98;2;924;1;0;0
504657;25;0;253.1;10;2/03/2021;35.899;1;663;0;1;1
504658;55;1;166.6;3;14/07/2021;34.003;1;582;0;1;0
504659;41;0;301.5;6;17/01/2021;50.153;1;729;0;1;0
504660;20;0;191.6;4;20/04/2021;55.322;2;641;0;1;1
504661;18;1;292.4;7;8/06/2021;48.543;1;963;2;0;0
504662;35;1;137.7;4;20/12/2021;37.87;2;609;3;0;0
504663;55;1;33.1;1;29/12/2021;31.445;0;757;2;1;0
504664;34;0;257.5;10;25/02/2021;27.83;1;957;0;1;0
504665;52;0;49.9;1;22/11/2021;47.3;1;1010;0;0;0
504666;40;0;28.8;1;3/02/2021;27.36;1;758;3;1;1
504667;42;0;54.2;3;1/10/2021;24.03;1;779;4;0;0
504668;20;0;123.2;3;5/11/2021;41.62;2;597;0;0;0
504669;47;0;703.3;13;22/11/2021;51.477;0;944;1;1;0
504670;32;1;41.8;1;23/03/2021;35.025;0;1007;0;0;0
504671;46;0;185.6;3;23/11/2021;47.97;1;443;0;0;0
504672;26;1;168.8;6;12/02/2021;31.028;2;1027;4;0;0
504673;38;1;237.9;7;9/07/2021;31.75;1;594;3;0;0
504674;40;1;102.6;2;21/06/2021;46.301;1;817;4;1;1
504675;34;0;25.8;1;26/04/2021;24.51;1;794;0;0;0
504676;41;0;200.6;4;9/01/2021;48.354;1;769;0;0;0
504677;33;0;325.3;10;9/10/2021;30.451;0;683;3;1;0
504678;28;1;206.7;10;3/05/2021;32.96;1;581;1;1;0
504679;55;0;147.3;4;30/08/2021;37.509;2;874;0;1;0
504680;49;0;373.3;7;30/05/2021;52.402;2;729;0;1;0
504681;27;1;139.6;13;17/05/2021;12.971;1;544;0;1;0
504682;43;1;79;3;20/11/2021;23.515;1;574;1;1;1
504683;27;1;248.2;3;4/02/2021;54.441;1;507;2;0;0
504684;22;0;49.8;1;26/09/2021;47.31;2;686;0;0;1
504685;48;1;274.5;12;30/09/2021;34.273;1;867;0;0;1
504686;18;0;128.4;4;19/05/2021;34.284;1;652;0;1;0
504687;47;0;113.7;3;6/04/2021;48.104;2;936;1;1;0
504688;33;1;846.9;7;2/01/2021;83.871;2;759;0;1;1
504689;33;1;34.9;1;8/12/2021;33.155;1;728;0;1;1
504690;41;0;66.7;1;12/12/2021;63.365;2;763;1;1;0
504691;43;0;352.6;6;29/03/2021;45.19;2;1031;0;0;0
504692;26;0;37.8;2;12/01/2021;23.558;1;513;1;0;0
504693;45;1;29.8;1;14/02/2021;27.974;1;1058;1;1;0
504694;37;1;162.1;2;25/01/2021;60.316;1;953;0;0;0
504695;21;0;341.8;4;31/10/2021;64.097;0;756;1;1;0
504696;34;0;108.7;4;22/11/2021;34.921;1;973;1;0;0
504697;53;1;464.4;10;25/02/2021;60.331;1;702;1;0;0
504698;56;1;197.3;4;30/09/2021;43.127;2;811;1;1;0
504699;45;0;199.6;5;7/03/2021;34.982;1;683;0;0;0
504700;22;1;490.6;15;15/05/2021;41.99;1;954;0;0;1
504701;42;1;59.6;3;7/08/2021;18.688;2;653;0;0;0
504702;46;0;144;6;20/09/2021;31.91;0;771;0;0;0
504703;45;1;370.5;11;16/11/2021;32.141;1;902;0;1;1
504704;45;1;358;6;17/01/2021;56.589;1;969;0;0;0
504705;40;1;192.7;7;13/03/2021;46.963;1;612;1;1;1
504706;35;1;113.9;4;13/04/2021;31.461;2;916;0;0;0
504707;29;1;58.4;1;24/04/2021;55.48;1;543;3;1;0
504708;18;0;79.7;4;31/12/2021;17.178;0;373;1;0;0
504709;40;0;279.6;16;11/10/2021;22.789;1;645;0;0;0
504710;38;1;82.5;1;27/04/2021;63.052;1;910;1;1;0
504711;43;0;140.9;3;21/12/2021;46.718;2;778;0;1;0
504712;20;0;107;5;2/07/2021;18.91;1;624;3;1;1
504713;44;0;184.7;7;2/07/2021;37.451;0;730;3;1;0
504714;61;1;127.4;6;8/06/2021;19.977;1;744;2;0;0
504715;37;1;122.1;4;22/02/2021;29.471;1;872;1;0;0
504716;35;1;183;4;8/12/2021;46.965;2;430;3;1;1
504717;40;1;266.5;7;6/01/2021;35.159;0;742;1;1;0
504718;60;0;180.2;5;5/03/2021;33.9;1;742;3;1;0
504719;24;0;43.4;3;25/03/2021;27.969;1;534;0;0;1
504720;38;1;171.8;2;12/04/2021;57.059;1;472;3;0;0
504721;26;0;340.8;9;18/02/2021;44.641;2;694;1;1;0
504722;29;1;125.9;6;7/01/2021;24.363;0;782;0;1;0
504723;35;1;225;6;5/09/2021;36.981;1;712;4;0;0
504724;52;0;226.8;6;20/12/2021;36.594;2;660;1;1;1
504725;58;1;157.1;8;14/02/2021;27.327;1;612;3;0;0
504726;41;0;51.4;2;19/04/2021;37.349;1;709;0;1;0
504727;31;0;109.5;1;4/07/2021;75.76;1;814;1;1;0
504728;66;0;159.7;7;5/12/2021;24.891;1;984;1;0;0
504729;31;0;203.9;4;11/09/2021;52.929;2;380;0;0;1
504730;29;0;117.2;3;7/10/2021;50.4;1;852;2;0;0
504731;18;1;442.2;7;1/08/2021;42.245;2;740;1;1;0
504732;53;0;200.8;3;2/06/2021;54.361;1;875;0;0;0
504733;48;1;93;3;14/03/2021;35.654;2;973;1;1;0
504734;65;1;131.9;2;12/11/2021;44.973;1;644;0;1;0
504735;19;0;40.7;1;21/10/2021;34.437;0;910;2;1;0
504736;53;0;48.6;2;10/01/2021;19.831;1;514;2;0;0
504737;37;1;28.7;1;19/09/2021;25.748;1;803;0;0;1
504738;46;1;158.4;3;31/01/2021;57.95;0;736;0;1;0
504739;18;1;127.3;3;27/09/2021;27.043;1;788;0;0;0
504740;54;0;193.2;4;29/10/2021;31.15;1;602;0;0;0
504741;45;1;231.7;3;17/02/2021;49.346;1;799;3;0;0
504742;36;1;167.2;9;8/06/2021;33.115;2;1066;0;1;0
504743;44;1;632.5;13;15/02/2021;48.19;0;605;0;1;0
504744;27;0;36.5;1;27/07/2021;33.358;1;814;0;1;0
504745;29;1;24;1;5/12/2021;22.459;1;914;1;0;0
504746;30;0;171.3;3;30/01/2021;62.969;1;687;2;1;1
504747;18;1;159.5;7;26/05/2021;22.954;1;1025;0;0;0
504748;46;1;93.5;1;22/12/2021;76.16;0;703;0;1;1
504749;50;1;63.1;1;20/04/2021;46.652;1;759;0;0;0
504750;28;0;423;14;18/02/2021;27.674;1;601;0;0;0
504751;40;1;357.9;7;28/06/2021;45.735;1;803;0;0;0
504752;33;0;28.5;1;5/07/2021;27.075;0;741;2;0;0
504753;40;0;41;1;30/08/2021;24.813;0;894;0;0;0
504754;28;1;211.9;5;25/04/2021;38.498;1;665;0;1;0
504755;25;1;392.5;5;15/12/2021;50.667;0;637;1;0;0
504756;49;0;102.2;2;10/07/2021;40.022;1;823;2;1;0
504757;35;1;116.7;4;15/04/2021;25.125;1;1031;0;0;0
504758;60;0;155.6;11;17/12/2021;22.943;1;893;0;0;1
504759;37;1;86.4;2;4/12/2021;31.687;0;1073;2;0;0
504760;25;1;22.9;1;2/07/2021;21.384;1;880;0;1;0
504761;51;1;161.4;5;10/01/2021;33.793;1;833;2;0;0
504762;44;1;39.3;1;6/08/2021;37.335;1;862;2;1;1
504763;45;1;184.9;3;22/07/2021;48.177;1;988;3;0;0
504764;50;0;137.4;3;24/02/2021;56.081;1;1003;0;0;1
504765;28;1;64.3;1;20/08/2021;54.46;2;585;0;0;0
504766;34;0;251.6;12;3/11/2021;37.783;2;864;3;1;1
504767;34;0;293;8;8/02/2021;29.211;1;828;0;0;0
504768;21;1;650.5;13;22/09/2021;40.516;1;745;0;0;0
504769;33;0;569.3;17;21/02/2021;43.193;2;441;1;0;0
504770;52;0;43.7;1;1/10/2021;41.515;1;503;0;0;0
504771;39;1;354.3;3;2/06/2021;84.321;1;694;1;0;0
504772;20;0;280.2;6;3/01/2021;43.497;1;456;3;1;0
504773;18;0;451.2;6;19/12/2021;67.83;0;698;1;1;1
504774;56;0;44.9;3;2/03/2021;26.162;1;909;0;0;1
504775;35;0;84.3;4;6/08/2021;21.905;1;615;3;0;0
504776;28;1;98;3;8/03/2021;25.198;0;775;1;0;0
504777;33;1;61.8;2;7/12/2021;40.269;0;587;0;1;1
504778;18;1;108.4;4;27/09/2021;31.802;0;814;1;1;0
504779;53;0;42.1;1;21/10/2021;39.995;1;871;0;0;0
504780;31;1;365.6;6;7/06/2021;73.628;1;524;0;1;0
504781;52;0;252.8;5;20/06/2021;35.317;1;625;1;0;0
504782;37;1;494.1;9;20/08/2021;51.675;1;552;0;0;1
504783;53;1;785.1;21;14/10/2021;37.315;1;872;0;1;0
504784;39;0;296;3;6/11/2021;58.101;1;790;1;1;0
504785;46;1;50.8;1;7/01/2021;48.023;1;771;0;0;0
504786;45;1;200.6;5;31/08/2021;35.246;2;757;0;1;0
504787;43;0;1040.6;23;9/02/2021;62.943;1;838;0;1;1
504788;40;1;514.2;11;16/04/2021;46.985;2;822;1;0;0
504789;33;1;119.7;2;30/10/2021;50.078;2;631;3;0;0
504790;59;0;43.6;1;2/04/2021;36.78;2;666;0;0;0
504791;25;0;296.6;8;18/10/2021;46.262;1;729;2;1;0
504792;36;1;33.6;1;18/06/2021;31.599;1;746;0;0;0
504793;36;1;113.5;5;26/03/2021;22.146;1;1151;0;0;0
504794;41;1;157.8;5;2/05/2021;28.477;0;711;0;0;0
504795;31;1;339.5;12;13/07/2021;46.104;1;832;0;0;0
504796;40;1;76.7;1;7/10/2021;44.51;0;864;0;1;0
504797;34;0;246.1;9;10/08/2021;25.186;1;992;2;0;0
504798;18;0;109.9;3;7/12/2021;60.528;1;594;2;1;0
504799;36;0;274.7;11;13/11/2021;22.383;0;951;4;1;0
504800;23;1;122.7;5;2/10/2021;36.564;1;693;3;0;0
504801;18;1;128.6;6;9/08/2021;27.603;1;1230;0;1;0
504802;38;1;172.3;4;16/04/2021;38.211;1;845;0;0;0
504803;42;0;43.8;3;31/05/2021;19.93;1;559;0;1;0
504804;42;0;170;13;13/02/2021;16.532;2;745;0;1;0
504805;43;1;64.8;2;17/05/2021;26.079;0;981;2;0;0
504806;18;0;176.1;4;5/12/2021;45.136;0;795;0;0;0
504807;20;0;37.3;1;5/06/2021;35.435;0;769;0;0;0
504808;60;1;37.7;2;11/02/2021;19.595;1;909;0;0;0
504809;23;1;161.1;2;26/08/2021;52.479;1;658;3;1;0
504810;43;1;47.9;1;18/12/2021;38.661;1;742;0;0;0
504811;28;0;213.3;6;13/11/2021;50.113;0;590;1;0;0
504812;37;0;482.5;11;11/04/2021;30.059;2;1091;0;1;0
504813;28;0;56.3;4;15/06/2021;15.622;0;560;0;0;0
504814;43;0;871.6;13;13/07/2021;68.356;1;811;0;1;0
504815;38;0;349.4;14;1/04/2021;31.756;2;826;2;1;0
504816;31;0;1050.2;22;9/04/2021;53.515;1;738;2;1;0
504817;23;1;61.9;2;28/03/2021;29.442;1;554;0;0;0
504818;39;0;234.5;6;30/12/2021;42.051;1;600;0;1;1
504819;21;0;24.7;1;30/09/2021;15.99;0;874;0;1;0
504820;41;0;57.3;3;3/11/2021;27.678;0;640;0;1;1
504821;68;1;135.5;2;26/10/2021;70.237;2;407;0;1;0
504822;52;0;475.1;15;17/12/2021;53.396;1;850;0;0;0
504823;45;0;597.8;11;8/02/2021;62.656;1;603;1;0;0
504824;35;0;443.2;8;18/11/2021;42.694;1;854;2;1;0
504825;18;0;664.7;12;25/01/2021;37.974;1;724;1;0;0
504826;20;1;698.8;9;23/06/2021;52.117;1;715;1;0;0
504827;51;0;247.5;5;5/08/2021;54.412;2;719;4;0;0
504828;27;0;41.3;1;11/05/2021;38.894;0;515;3;1;0
504829;28;1;150.6;5;23/02/2021;43.219;2;631;0;1;1
504830;34;0;592.7;11;12/03/2021;63.506;1;733;0;1;1
504831;23;1;471.9;16;29/10/2021;21.957;2;574;0;0;0
504832;21;0;208.2;6;27/04/2021;28.173;0;848;3;0;0
504833;35;1;32.9;2;24/04/2021;18.685;1;725;0;0;0
504834;25;0;88.4;4;4/12/2021;26.348;1;519;0;1;1
504835;27;0;107.4;3;22/02/2021;38.471;1;679;0;0;0
504836;27;0;92.7;2;1/12/2021;57.181;0;778;1;1;1
504837;42;1;1376.7;16;3/12/2021;81.169;1;680;1;0;0
504838;33;0;588.6;15;7/08/2021;32.61;1;812;2;1;0
504839;34;1;555.8;10;2/03/2021;33.659;0;863;1;1;1
504840;43;1;244.6;7;26/02/2021;38.352;1;1172;2;1;1
504841;34;0;139.3;3;14/04/2021;39.027;1;987;0;1;0
504842;33;0;539.6;9;30/07/2021;77.184;0;445;2;1;0
504843;42;0;368;10;26/02/2021;35.836;1;695;1;1;0
504844;44;1;61.7;3;16/06/2021;21.391;2;732;0;0;0
504845;34;1;413.2;8;12/02/2021;48.989;1;814;4;1;1
504846;37;1;711.6;17;17/07/2021;42.075;1;552;3;1;1
504847;27;0;42.1;1;8/01/2021;37.878;1;644;2;0;1
504848;26;1;116.3;4;16/09/2021;30.101;0;496;3;0;0
504849;45;0;252.1;3;21/01/2021;91.544;1;672;0;1;0
504850;41;0;33.6;1;13/03/2021;31.92;1;678;0;1;1
504851;41;0;166.3;9;5/03/2021;17.541;2;724;0;1;0
504852;39;0;126.4;5;31/10/2021;25.92;1;506;3;0;0
504853;37;1;193.6;5;20/01/2021;27.511;0;917;2;1;0
504854;44;1;171.1;9;6/06/2021;19.8;1;795;4;0;0
504855;47;0;397;14;4/08/2021;32.451;2;479;2;0;0
504856;47;0;1314.3;15;8/07/2021;75.996;2;765;1;1;0
504857;35;1;42.1;3;6/09/2021;19.758;1;498;0;0;0
504858;53;1;83.1;4;21/10/2021;19.324;1;1022;0;0;0
504859;39;0;251.4;6;24/05/2021;48.954;1;1071;0;0;0
504860;44;0;161.9;7;30/10/2021;31.337;2;730;2;0;0
504861;39;1;274.2;9;27/04/2021;29.477;1;627;0;0;0
504862;39;1;91.1;3;26/12/2021;55.196;1;600;3;0;0
504863;27;1;236.1;7;4/07/2021;33.18;2;678;1;0;1
504864;44;0;229.9;13;26/09/2021;17.302;1;761;0;1;0
504865;70;1;51.7;1;16/11/2021;49.115;1;967;3;0;0
504866;32;0;88;2;17/10/2021;34.738;1;932;1;1;0
504867;37;1;38.5;1;7/11/2021;33.911;1;935;1;1;0
504868;31;0;21.2;2;15/07/2021;14.558;1;811;0;0;0
504869;30;0;51.7;2;16/01/2021;22.312;1;572;0;0;0
504870;55;0;187.2;5;29/06/2021;32.961;2;641;0;0;0
504871;28;0;194.1;10;8/03/2021;21.678;1;791;0;1;0
504872;30;0;99.8;2;21/11/2021;52.727;1;524;2;1;0
504873;18;1;661.1;14;28/03/2021;31.333;1;775;3;0;0
504874;27;1;141.8;4;25/03/2021;35.095;1;865;3;0;1
504875;18;1;75.8;2;2/04/2021;51.552;2;878;0;0;0
504876;44;0;194.6;7;23/08/2021;26.92;1;801;4;1;0
504877;70;0;58.6;2;28/07/2021;42.882;1;444;0;0;0
504878;32;0;358.6;9;13/12/2021;35.012;1;1020;0;1;0
504879;18;0;172.1;4;1/06/2021;49.483;2;478;1;1;0
504880;47;0;455.2;12;14/04/2021;42.586;1;693;3;1;0
504881;27;1;143;4;18/01/2021;45.012;1;831;3;0;0
504882;52;1;51.8;2;3/01/2021;28.093;1;805;2;0;0
504883;33;0;33.8;1;17/05/2021;32.11;2;550;0;0;1
504884;28;1;257.7;9;4/12/2021;33.612;1;582;0;1;0
504885;34;1;115.1;3;11/07/2021;46.279;2;832;0;0;0
504886;45;0;89.1;2;23/11/2021;43.656;1;852;1;0;0
504887;33;1;53.2;1;7/02/2021;49.705;1;581;0;0;0
504888;30;0;158.1;7;4/02/2021;23.983;0;851;0;1;0
504889;34;0;20;1;1/11/2021;19;0;507;0;1;0
504890;21;1;43.2;2;8/02/2021;27.354;1;872;1;1;0
504891;41;1;54.2;2;19/01/2021;31.855;2;601;1;1;1
504892;18;0;164.3;6;28/05/2021;26.106;1;794;0;1;1
504893;31;0;93.9;3;4/12/2021;31.867;1;764;0;1;0
504894;45;1;38.4;2;9/09/2021;20.707;0;969;1;0;0
504895;40;0;97.3;5;6/02/2021;27.801;2;804;1;0;0
504896;43;1;241.5;12;2/11/2021;22.663;1;672;0;1;0
504897;35;1;90.5;5;4/11/2021;20.7;1;845;0;1;0
504898;50;0;82.2;4;20/10/2021;20.108;2;1106;3;1;0
504899;47;1;46;2;26/11/2021;22.734;0;873;2;0;0
504900;41;1;236.9;3;29/03/2021;44.14;1;769;0;1;0
504901;47;1;148;5;24/12/2021;32.381;2;610;1;0;0
504902;45;0;94.5;2;28/04/2021;38.657;0;649;1;1;0
504903;31;0;235.8;6;20/10/2021;31.917;1;902;0;0;0
504904;20;0;489.4;9;31/07/2021;50.987;2;621;0;0;1
504905;41;1;170.5;4;12/10/2021;42.543;0;720;3;0;0
504906;43;1;334.7;4;18/08/2021;44.438;1;1039;0;0;0
504907;49;1;160.9;6;23/08/2021;33.157;1;807;0;0;0
504908;25;1;240;6;13/08/2021;37.885;0;546;2;1;1
504909;25;0;51.8;2;12/10/2021;23.6;0;1172;0;1;1
504910;42;0;293.3;17;27/09/2021;26.025;2;1077;1;1;0
504911;35;1;68.5;2;19/02/2021;48.721;1;870;0;1;0
504912;18;1;70.6;2;29/10/2021;25.926;2;1010;0;1;0
504913;41;1;336.4;10;15/07/2021;31.199;2;732;0;1;0
504914;18;0;391.7;12;28/04/2021;43.492;0;840;4;0;0
504915;25;0;268.8;5;7/07/2021;39.681;1;684;1;0;0
504916;52;1;67.7;2;19/12/2021;35.393;1;496;2;1;0
504917;58;0;40.8;1;10/11/2021;32.245;1;1247;0;0;0
504918;21;0;501.1;7;1/11/2021;46.839;1;487;2;1;0
504919;32;1;197.7;8;18/06/2021;25.93;1;834;0;1;0
504920;37;1;126.7;5;14/10/2021;41.109;2;811;1;0;0
504921;57;1;329.1;12;21/05/2021;36.22;2;873;0;0;1
504922;30;1;230.7;8;8/09/2021;52.553;1;744;1;1;1
504923;30;1;221.1;6;22/08/2021;46.236;1;766;0;1;0
504924;55;0;320.2;6;2/04/2021;37.787;0;805;0;0;0
504925;32;0;67.2;1;8/04/2021;63.552;1;826;2;1;1
504926;45;1;51;1;23/01/2021;48.45;1;780;0;0;0
504927;18;0;85.7;2;21/02/2021;29.112;0;768;0;0;0
504928;34;1;46.8;1;8/06/2021;44.144;0;482;3;1;1
504929;18;1;39.4;1;24/06/2021;37.234;2;1142;0;0;0
504930;23;0;130.7;3;2/03/2021;64.901;1;856;1;1;1
504931;46;0;208.5;8;2/06/2021;21.136;1;778;2;0;1
504932;35;1;290.6;5;9/08/2021;57.683;0;648;1;1;0
504933;32;0;84.3;4;26/03/2021;17.35;1;599;0;1;0
504934;27;0;90.5;3;4/05/2021;43.473;1;915;1;1;0
504935;33;1;996.4;17;15/05/2021;42.488;2;751;0;1;0
504936;40;0;34.5;1;4/07/2021;31.923;1;892;0;1;0
504937;48;0;304.7;8;14/05/2021;45.846;0;497;2;0;0
504938;18;1;101.7;6;26/09/2021;18.89;1;998;3;0;0
504939;26;1;363;17;30/04/2021;24.442;1;942;0;0;0
504940;38;0;145.5;6;8/06/2021;25.381;1;765;0;0;1
504941;35;1;272.2;10;19/05/2021;26.493;2;844;1;0;0
504942;41;1;165.3;2;8/03/2021;55.655;1;913;0;1;0
504943;39;0;62.6;1;8/09/2021;59.47;1;499;2;0;0
504944;32;0;40.8;1;27/03/2021;38.035;2;1082;0;1;1
504945;30;1;75.8;3;19/04/2021;37.957;2;867;0;0;0
504946;33;0;630.6;4;17/10/2021;84.149;1;633;1;0;0
504947;50;1;181.9;4;13/12/2021;34.919;2;513;4;0;1
504948;27;1;187.3;7;2/09/2021;30.113;1;958;0;1;1
504949;35;0;343.5;6;1/12/2021;51.64;2;778;2;0;0
504950;38;1;58.8;2;8/11/2021;31.741;1;867;0;1;1
504951;55;1;59.8;3;25/06/2021;23.307;2;785;0;0;0
504952;32;1;53.5;1;9/10/2021;50.825;2;600;0;0;0
504953;48;0;655.2;10;30/04/2021;66.317;1;872;0;0;0
504954;51;1;90.4;6;18/06/2021;29.433;2;724;1;0;0
504955;35;0;47.7;1;15/07/2021;34.453;1;776;0;0;0
504956;;1;;1;;52.132;2;1208;0;0;0
504957;32;;439.6;18;6/11/2021;28.045;1;936;0;1;1
504958;33;0;;3;28/06/2021;52.258;2;907;2;1;0
504959;46;0;69.7;;27/08/2021;66.215;1;1210;3;0;0
504960;39;1;52.2;3;;20.08;1;849;0;1;0
504961;39;1;20.1;1;21/10/2021;;2;802;0;1;0
504962;22;0;36.6;2;21/07/2021;16.086;;588;4;0;0
504963;24;0;67.2;3;14/07/2021;27.712;1;;0;0;0
504964;62;1;68.6;3;7/10/2021;23.105;1;372;;0;1
504965;34;0;872.4;14;20/08/2021;58.158;1;902;1;;0
504966;27;1;25;2;27/01/2021;22.007;1;492;3;0;
;;;;;;;;;;;
504968;39;0;232.9;6;6/03/2021;41.147;1;772;0;0;0
;;1;25.4;1;26/09/2021;24.13;2;803;0;0;0
504970;34;;;5;13/01/2021;35.115;1;772;0;0;0
504971;32;1;579.5;;;46.79;1;1029;0;1;0
504972;34;1;1227.4;13;7/08/2021;;;928;4;1;0
504973;19;0;103.2;2;11/09/2021;39.413;1;;;0;0
504974;35;0;149.5;9;3/07/2021;17.178;1;618;0;;
;40;0;520;8;11/11/2021;47.738;1;946;0;0;0
504976;;;;;;;;;;;
504977;37;1;167.4;3;18/02/2021;43.82;1;500;0;1;0
504978;18;1;72.9;2;14/12/2021;31.802;1;870;0;1;0
504979;35;0;260.5;8;13/08/2021;50.926;2;959;2;1;0
504980;69;0;32.4;1;21/08/2021;30.78;1;667;2;0;0
504981;46;0;467.4;6;4/02/2021;41.36;1;853;0;1;0
504982;26;1;185.7;4;15/08/2021;37.58;2;665;2;1;0
504983;43;0;263.1;9;22/09/2021;41.174;2;910;0;0;1
504984;27;0;53.7;2;31/07/2021;30.203;1;977;0;1;0
504985;20;0;131.1;2;31/01/2021;53.303;2;673;3;1;0
504986;32;0;137.3;2;10/07/2021;63.084;1;535;3;1;0
504987;37;1;228.7;4;8/12/2021;83.523;1;518;0;0;0
504988;18;1;143.1;6;22/09/2021;40.319;1;947;0;0;1
504989;22;1;704.2;16;20/02/2021;36.849;1;575;0;1;0
504990;36;0;185.8;5;17/12/2021;39.873;1;847;0;0;0
504991;31;1;240.4;7;16/12/2021;29.921;1;900;1;1;1
504992;41;0;113.7;2;3/03/2021;52.165;1;690;0;0;0
504993;21;1;70;3;20/10/2021;28.641;1;690;3;0;0
504994;45;1;142.7;3;29/05/2021;48.056;2;940;1;1;0
504995;22;0;89.1;5;5/08/2021;19.82;1;635;0;0;0
504996;56;1;294.5;6;12/06/2021;45.665;0;576;2;0;0
504997;18;0;63.9;1;13/10/2021;60.576;1;718;1;1;0
504998;23;0;269;15;30/12/2021;26.214;1;1010;0;1;0
504999;41;0;83.4;3;18/10/2021;28.924;0;1070;0;1;0
505000;56;0;139.6;6;6/12/2021;28.833;1;722;2;0;0
505001;40;1;73.7;2;12/12/2021;31.055;1;592;3;1;1
505002;43;1;192;3;2/02/2021;75.093;2;972;0;1;1
505003;36;1;203.8;5;3/04/2021;38.184;1;460;1;1;0
505004;24;1;61.7;3;21/09/2021;22.61;1;785;2;1;0
505005;30;1;77;3;4/08/2021;24.66;1;702;4;0;0
505006;21;0;47.1;3;19/01/2021;13.477;1;1013;0;0;0
505007;21;0;50.9;2;4/02/2021;23.983;1;1031;0;0;0
505008;41;0;20.3;1;9/07/2021;19.285;1;550;3;0;0
505009;23;1;129.6;7;13/08/2021;20.694;0;810;0;1;0
505010;40;1;258.1;5;3/03/2021;33.1;1;677;0;1;1
505011;20;1;93.2;4;4/03/2021;21.222;1;707;1;1;0
505012;40;0;35;1;17/02/2021;33.141;1;891;0;1;0
505013;30;0;157.8;4;26/07/2021;49.756;1;700;1;1;1
505014;53;1;713.5;12;3/01/2021;41.87;1;815;0;1;0
505015;40;0;87.5;2;28/07/2021;38.336;0;912;2;0;0
505016;51;1;68.1;8;23/06/2021;11.677;0;1053;0;1;0
505017;27;0;137.1;3;20/06/2021;27.726;2;792;2;0;0
505018;37;0;467.5;7;5/09/2021;62.23;1;801;0;0;0
505019;24;1;195.3;2;10/07/2021;91.515;0;581;0;1;0
505020;31;1;282.9;4;23/09/2021;48.854;1;1005;3;1;0
505021;33;1;366.8;10;6/10/2021;35.219;2;829;2;0;0
505022;27;0;133.8;5;2/12/2021;24.062;1;805;0;1;0
505023;21;0;159.6;4;19/10/2021;58.362;1;795;0;1;0
505024;19;1;154.7;5;8/07/2021;31.64;2;825;1;0;0
505025;18;1;65.1;3;29/06/2021;29.736;0;849;4;1;0
505026;23;0;154.7;3;28/03/2021;58.694;1;941;0;1;0
505027;44;1;9;1;7/08/2021;8.48;1;1010;3;1;0
505028;18;0;128.7;7;20/02/2021;32.212;1;824;0;0;0
505029;20;0;113.7;6;6/12/2021;17.466;1;1076;1;0;0
505030;57;1;171.1;3;5/11/2021;46.235;2;970;0;0;0
505031;28;1;229.2;5;13/02/2021;72.485;1;769;0;0;0
505032;40;0;393.5;11;14/10/2021;42.396;1;420;3;1;0
505033;44;0;465.3;8;12/02/2021;84.938;1;795;0;1;0
505034;44;1;42.5;1;21/09/2021;37.294;0;1001;3;0;0
505035;18;1;112.3;2;2/02/2021;63.664;1;640;0;0;0
505036;33;1;142.8;6;28/06/2021;20.071;0;795;0;1;1
505037;18;0;332;13;29/08/2021;35.453;1;750;3;0;0
505038;65;1;21.5;1;24/09/2021;20.264;1;930;1;0;0
505039;18;1;288.5;9;2/06/2021;39.508;0;710;0;1;0
505040;23;1;124.2;4;3/12/2021;30.915;2;604;1;0;0
505041;24;0;206.5;7;10/10/2021;32.021;1;883;0;0;0
505042;18;1;34.9;1;18/03/2021;29.296;1;586;3;1;0
505043;52;1;621.2;10;2/09/2021;57.806;1;450;0;0;0
505044;65;1;385.1;7;24/09/2021;46.175;1;1111;0;1;1
505045;30;1;40.7;1;2/05/2021;38.09;0;947;0;1;0
505046;20;1;36.1;1;27/09/2021;34.169;2;1099;1;0;0
505047;18;0;1038.8;20;24/11/2021;44.556;1;877;3;0;0
505048;33;0;305;10;26/10/2021;31.074;1;862;2;1;0
505049;32;1;21.9;1;6/10/2021;20.805;1;847;0;0;0
505050;28;0;1056.9;18;20/08/2021;53.928;2;747;0;0;0
505051;39;0;190;8;9/04/2021;28.709;2;872;0;1;0
505052;41;1;540.8;9;18/10/2021;38.5;1;620;3;0;0
505053;40;0;67.4;1;13/05/2021;55.878;1;588;0;1;1
505054;32;1;96.7;4;14/07/2021;22.06;2;700;1;0;0
505055;23;0;129.2;5;25/04/2021;24.232;1;1012;0;0;0
505056;44;0;74.3;4;25/04/2021;18.383;1;488;4;1;0
505057;36;0;289;11;27/02/2021;29.918;1;561;0;1;0
505058;47;1;553.2;8;17/12/2021;67.75;1;886;0;1;1
505059;45;1;62.2;2;23/02/2021;34.581;1;645;3;0;0
505060;19;0;183.7;2;1/02/2021;60.92;1;807;3;1;0
505061;19;0;112.5;2;8/12/2021;39.274;1;938;1;0;0
505062;27;0;112.2;4;22/07/2021;26.544;0;823;2;1;0
505063;23;1;66.2;2;9/06/2021;26.271;1;646;1;0;0
505064;45;1;77.8;1;27/09/2021;73.474;1;1011;0;1;0
505065;40;1;544.4;10;20/05/2021;56.046;1;914;0;1;1
505066;49;0;65.6;3;16/02/2021;33.904;1;765;1;0;0
505067;41;1;233.6;6;24/09/2021;37.943;0;756;1;0;0
505068;39;0;30;1;6/03/2021;28.5;1;847;0;0;0
505069;50;0;58;4;21/07/2021;11.573;1;724;0;1;0
505070;42;0;189.4;5;13/12/2021;37.125;1;466;1;1;0
505071;37;0;153;8;8/12/2021;22.772;2;915;0;1;1
505072;54;0;257.3;9;12/05/2021;31.251;1;884;1;0;0
505073;37;1;46.8;4;12/10/2021;20.248;0;346;1;0;0
505074;32;0;42.2;1;12/08/2021;37.504;1;872;0;0;1
505075;26;1;63.1;2;24/06/2021;22.357;0;1096;0;0;0
505076;44;1;43.9;1;21/02/2021;36.093;2;577;0;1;0
505077;51;1;137.1;3;18/05/2021;58.867;1;767;0;0;1
505078;35;0;99.2;3;26/08/2021;41.098;2;727;1;0;0
505079;52;1;74.8;6;27/12/2021;18.95;2;1059;1;0;0
505080;18;0;237.7;17;2/01/2021;15.404;0;942;2;0;0
505081;35;0;23.2;2;19/09/2021;22.04;2;622;0;1;1
505082;36;0;244;7;5/11/2021;64.507;1;822;1;0;1
505083;27;1;1790.2;15;14/12/2021;93.717;1;1194;0;1;0
505084;65;1;155.8;4;4/06/2021;26.106;2;628;2;0;0
505085;35;1;37.8;2;13/02/2021;22.081;1;778;0;1;0
505086;31;1;674.7;9;9/04/2021;66.634;1;852;1;0;0
505087;36;1;30.3;1;7/11/2021;28.785;1;670;0;1;0
505088;18;1;45.2;1;17/11/2021;36.561;1;1097;0;0;1
505089;27;1;79.7;2;21/08/2021;37.659;1;625;4;1;0
505090;48;0;61.8;2;14/02/2021;26.496;1;530;0;1;0
505091;28;1;235.1;15;14/02/2021;24.69;2;686;0;1;0
505092;26;1;35.7;1;24/06/2021;33.915;2;878;1;1;0
505093;52;0;52.5;2;3/08/2021;29.962;1;636;0;0;0
505094;52;0;91.2;4;12/01/2021;16.177;1;834;0;0;0
505095;42;0;40.8;2;8/09/2021;23.359;0;881;0;1;0
505096;31;1;154.5;5;18/07/2021;32.887;2;562;0;1;0
505097;33;0;84;5;5/01/2021;26.728;1;639;2;0;0
505098;26;0;139.2;3;4/02/2021;44.643;0;823;1;0;0
505099;24;1;132.8;5;15/06/2021;29;1;906;0;0;1
505100;23;1;883.2;12;21/09/2021;79.121;1;683;0;1;0
505101;29;1;382.4;8;29/10/2021;34.758;1;747;3;0;0
505102;24;1;70.6;2;7/06/2021;35.109;0;669;3;1;0
505103;18;0;315.6;14;18/04/2021;26.38;1;911;0;0;0
505104;39;0;81.7;3;20/12/2021;36.577;1;853;1;1;1
505105;39;1;36.1;2;17/06/2021;14.953;1;713;0;0;0
505106;56;0;96.2;4;26/04/2021;36.056;1;866;0;0;0
505107;28;1;352.3;5;11/06/2021;83.163;1;666;2;1;0
505108;40;1;393.9;8;5/01/2021;50.822;0;802;3;1;0
505109;40;1;106.1;7;21/04/2021;16.797;2;865;0;1;0
505110;33;1;40.2;1;8/07/2021;38.19;0;1147;3;1;0
505111;45;1;59.6;1;2/12/2021;44.939;1;699;1;0;0
505112;45;1;196.2;3;27/09/2021;69.967;0;715;2;0;0
505113;40;0;93.7;5;13/10/2021;24.055;0;623;2;0;0
505114;33;0;143.8;1;18/07/2021;97.881;1;594;0;0;0
505115;32;0;266.6;8;10/02/2021;35.714;0;638;3;1;0
505116;20;1;229.1;9;23/05/2021;22.898;1;900;0;0;0
505117;26;0;48.6;2;30/12/2021;16.798;1;913;0;0;0
505118;29;0;35;1;17/01/2021;33.177;2;833;0;1;0
505119;23;1;117.6;2;17/11/2021;37.641;1;687;2;0;0
505120;41;0;294.2;9;7/09/2021;20.933;0;691;0;0;0
505121;50;1;198.8;5;14/04/2021;47.738;1;615;0;0;0
505122;25;0;527.3;14;11/10/2021;43.466;0;640;2;1;0
505123;39;0;42.2;1;2/11/2021;35.136;1;547;0;0;0
505124;24;0;34.2;1;16/01/2021;23.782;1;1024;0;1;0
505125;32;0;868.7;20;8/02/2021;35.305;1;1111;0;1;0
505126;28;1;84;1;31/08/2021;79.8;2;412;1;1;0
505127;43;1;131.9;5;31/12/2021;23.083;1;832;0;1;0
505128;28;1;113.8;6;9/01/2021;15.871;2;829;0;1;0
505129;48;1;66;2;31/08/2021;30.495;2;818;0;1;0
505130;33;1;273.9;13;19/02/2021;23.579;1;613;3;1;0
505131;28;1;73.1;4;26/08/2021;14.895;1;924;2;0;0
505132;21;0;112.2;3;16/08/2021;39.94;0;854;0;0;0
505133;39;0;35.1;3;3/02/2021;18.751;1;906;3;1;0
505134;47;1;26.5;2;6/09/2021;18.623;1;607;2;0;0
505135;39;1;375;5;24/11/2021;59.422;1;511;1;1;1
505136;63;0;69.5;1;12/11/2021;66.025;1;858;0;1;0
505137;53;0;1661.3;14;11/01/2021;115.479;2;607;0;0;0
505138;32;0;97.6;4;31/03/2021;17.713;0;950;1;0;0
505139;32;0;262.2;6;29/03/2021;41.772;2;397;0;0;0
505140;42;1;132.6;4;15/06/2021;18.625;1;696;0;0;0
505141;26;0;247.2;7;22/02/2021;36.145;1;669;0;1;0
505142;50;1;164.2;6;8/11/2021;33.598;1;720;0;0;0
505143;40;1;76;8;11/10/2021;13.616;1;807;1;0;0
505144;39;0;52.6;1;23/10/2021;49.97;1;851;0;1;1
505145;44;1;315.1;6;14/03/2021;35.676;2;875;1;0;0
505146;57;1;70.2;2;6/01/2021;46.376;1;876;2;0;0
505147;38;0;26.6;2;29/11/2021;19.85;1;749;0;0;0
505148;35;0;348.3;4;16/04/2021;105.145;1;1160;0;1;1
505149;54;1;140.4;4;28/08/2021;40.596;1;1030;0;0;0
505150;48;0;410;11;28/11/2021;49.925;1;724;0;0;1
505151;32;0;264.9;3;14/01/2021;63.846;1;715;2;0;0
505152;36;0;112.7;3;2/01/2021;35.479;2;700;1;1;0
505153;38;0;179.8;6;2/01/2021;26.041;2;805;2;1;1
505154;40;1;101.5;1;27/02/2021;57.158;1;535;4;0;0
505155;20;0;254.9;10;19/01/2021;31.067;1;638;0;0;0
505156;Mayor de edad;Masculino;388.7;7;27/10/2021;52.382;2;370;1;1;0
505157;adulto;F;49.3;2;10/08/2021;39.842;1;708;0;1;1
505158;adulto;F;136.7;Mayoreo;año 2020;92.981;Efectivo;horas;0;1;0
505159;28;0;97.3;3;20/10/2021;34.131;Tarjeta;753;0;1;0
505160;44;1;38.3;3;18/12/2021;30.656;Contra entrega;763;0;0;1
505161;34;1;42.9;1;29/03/2021;40.755;0;minutos;1;0;0
505162;38;0;174.9;4;16/04/2021;33.025;2;segundos;1;1;1
505163;21;1;141.6;10;7/11/2021;22.343;1;785;Chrome;0;0
505164;30;0;248.7;4;31/03/2021;63.718;2;940;Edge;0;0
505165;43;1;226.1;10;21/01/2021;19.972;1;815;FireFox;1;0
505166;43;1;64.9;1;2/09/2021;56.363;1;936;1;Sí;0
505167;27;0;691.3;5;20/10/2021;72.896;1;988;1;No;0
505168;38;0;153.4;5;20/12/2021;34.496;2;899;0;Sí;1
505169;62;0;127;4;5/12/2021;40.393;1;652;0;0;No
505170;36;1;56.3;3;13/02/2021;23.385;1;678;2;1;No
505171;28;1;713.9;9;9/10/2021;59.264;1;1108;1;1;No
505172;34;0;55.2;5;5/11/2021;22.779;0;837;0;1;Sí
505173;37;0;121;2;sep-21;61.615;1;813;0;1;1
505174;34;0;209.8;4;Octubre 2021;34.785;1;625;0;1;0
505175;36;1;51.9;2;Octubre 2021;28.632;1;744;1;1;1
505176;19;0;100.3;3;Año 2022;24.05;1;909;0;0;0
505177;24;0;51.6;2;15/01/2021;44.047;2;763;1;0;0
505178;34;1;243.4;9;16/06/2021;19.654;1;627;3;0;0
505179;34;0;140;3;15/03/2021;44.333;1;728;0;0;0
505180;29;1;45;1;11/02/2021;42.75;1;995;0;1;1
505181;34;0;127.1;5;15/02/2021;28.977;1;900;0;0;0
505182;37;0;400;6;12/09/2021;43.116;0;876;0;1;0
505183;47;1;117.6;6;4/07/2021;24.13;1;799;3;0;0
505184;35;0;52.8;2;17/07/2021;35.544;1;497;4;0;1
505185;41;0;822.6;18;29/09/2021;33.276;1;829;0;0;1
505186;30;1;81.7;4;20/07/2021;18.953;1;912;3;0;0
505187;43;1;67.4;2;18/08/2021;29.757;0;733;0;0;0
505188;41;1;148.1;11;1/02/2021;17.427;1;936;1;1;0
505189;46;0;29.2;1;7/11/2021;27.74;1;858;1;0;0
505190;45;0;266.7;10;13/06/2021;19.423;2;929;0;1;1
505191;43;0;94.9;4;26/02/2021;21.834;2;789;0;0;0
505192;35;1;46.3;2;24/10/2021;23.292;1;920;1;1;0
505193;39;1;76.7;2;26/09/2021;41.704;1;516;0;1;0
505194;49;1;70;3;20/01/2021;27.225;1;716;4;0;1
505195;28;1;20.6;1;12/03/2021;19.57;1;908;0;0;0
505196;28;0;96.1;3;6/01/2021;29.108;1;833;0;1;0
505197;38;1;133.2;2;9/04/2021;78.835;1;917;3;1;0
505198;41;0;19.6;1;6/02/2021;18.62;1;752;0;0;1
505199;26;0;318.5;6;17/09/2021;47.386;1;681;0;1;0
505200;35;1;121;2;10/07/2021;46.291;1;485;0;0;1
505201;35;1;120.4;1;24/12/2021;88.669;1;731;0;0;0
505202;18;0;63.6;2;1/10/2021;37.561;0;873;0;0;0
505203;33;0;66.8;2;12/08/2021;35.347;1;917;0;1;0
505204;34;1;36.4;1;5/07/2021;34.58;1;528;0;0;0
505205;34;0;166.8;4;20/01/2021;40.767;1;992;0;1;1
505206;53;1;284.6;5;26/01/2021;47.517;1;545;3;0;0
505207;21;1;75.1;3;13/08/2021;25.116;0;698;3;0;0
505208;26;0;185.9;1;2/01/2021;136.021;1;678;0;0;0
505209;18;0;282;7;16/01/2021;47.053;1;795;3;0;0
505210;30;0;222.2;7;21/03/2021;31.198;0;757;2;1;0
505211;31;1;156.4;7;19/11/2021;30.079;1;842;3;1;0
505212;30;0;134.9;4;17/06/2021;35.13;2;1092;1;0;0
505213;49;1;36.1;1;16/09/2021;34.295;1;852;0;0;0
505214;46;0;231.6;4;31/05/2021;53.609;1;676;0;0;1
505215;37;1;556.6;16;5/03/2021;38.51;1;803;3;1;0
505216;32;0;94.4;1;16/05/2021;79.024;1;1130;0;1;1
505217;48;0;43.9;3;3/02/2021;22.55;0;838;3;1;0
505218;36;1;199.9;5;9/10/2021;34.935;2;930;1;0;0
505219;26;1;27.8;1;8/03/2021;26.41;2;493;0;1;1
505220;18;0;51.6;2;18/05/2021;26.719;1;850;0;0;0
505221;31;0;286.4;8;24/12/2021;26.798;1;672;3;1;0
505222;45;1;345.6;7;5/08/2021;51.042;1;658;0;0;0
505223;63;0;155.6;4;17/06/2021;31.399;1;756;1;0;1
505224;37;0;152.1;3;18/07/2021;65.468;1;730;4;0;0
505225;27;0;439.7;6;14/10/2021;78.266;1;668;0;1;1
505226;22;0;222.3;6;3/04/2021;45.789;1;814;0;0;0
505227;43;1;150.3;5;21/08/2021;20.907;2;749;0;1;0
505228;18;1;199.6;4;15/11/2021;62.102;1;866;2;1;0
505229;43;1;67.2;3;28/07/2021;28.804;1;821;0;1;0
505230;46;1;42.3;1;12/06/2021;30.987;1;848;0;0;0
505231;41;0;128;4;22/02/2021;44.109;2;956;0;0;0
505232;33;1;76.7;4;1/04/2021;23.759;1;880;0;1;0
505233;43;0;629;9;12/12/2021;61.294;1;779;0;1;0
505234;38;0;59.4;1;17/07/2021;56.43;0;404;0;1;1
505235;27;1;434.9;4;20/04/2021;130.505;1;832;2;0;0
505236;58;0;358.2;9;2/06/2021;41.239;2;616;0;1;0
505237;32;0;501.9;10;30/07/2021;32.299;1;724;2;0;0
505238;45;0;89.5;1;16/07/2021;85.025;1;787;3;1;0
505239;18;1;174.7;12;13/09/2021;14.65;1;1000;1;0;0
505240;51;0;300.9;8;4/04/2021;40.741;1;1092;1;0;0
505241;54;1;735.4;17;25/08/2021;33.906;1;614;0;1;0
505242;36;1;66.4;1;11/06/2021;62.12;2;523;1;0;0
505243;43;1;1247;10;10/12/2021;169.659;0;839;0;1;1
505244;43;0;330.4;14;27/02/2021;25.832;1;824;0;0;0
505245;28;1;301.4;6;24/02/2021;60.07;1;544;1;1;0
505246;43;0;289.7;4;18/06/2021;65.491;2;777;0;0;0
505247;26;1;299;4;5/07/2021;63.24;0;888;0;0;0
505248;29;1;571.3;13;10/09/2021;39.849;1;539;1;0;0
505249;50;0;51.2;1;28/05/2021;48.64;2;601;0;1;0
505250;48;1;45;2;30/11/2021;26.526;1;664;0;1;1
505251;28;0;79.9;1;23/06/2021;75.905;0;742;0;0;0
505252;27;0;64.2;4;17/02/2021;21.537;0;905;0;0;0
505253;28;0;36;2;13/02/2021;22.615;2;721;0;0;0
505254;45;1;441.2;9;22/12/2021;31.74;2;790;0;1;0
505255;24;1;138;4;18/02/2021;31.008;1;1184;0;1;1
505256;40;1;159;5;12/12/2021;43.412;2;588;1;1;0
505257;45;0;73;2;12/04/2021;31.275;0;592;4;0;0
505258;35;1;193.8;7;4/02/2021;24.145;0;882;1;0;0
505259;48;1;88.8;5;22/04/2021;21.772;1;958;0;0;0
505260;32;1;68.3;1;13/08/2021;60.934;2;835;1;1;0
505261;33;0;76;2;6/06/2021;43.053;0;1046;3;0;0
505262;24;0;47.6;4;14/10/2021;18.904;1;777;3;0;0
505263;48;1;85.2;2;12/08/2021;48.047;0;424;0;1;0
505264;27;0;137.7;6;27/05/2021;30.305;1;797;0;1;0
505265;40;0;44;3;20/08/2021;17.207;1;677;0;0;0
505266;35;1;88.6;4;21/12/2021;19.626;1;989;2;0;0
505267;23;0;124.9;2;31/05/2021;55.295;0;954;0;1;0
505268;29;0;750.1;11;26/02/2021;62.348;1;434;3;1;0
505269;53;0;159.5;3;30/05/2021;49.479;0;1023;0;0;0
505270;38;1;98;5;3/11/2021;25.672;2;929;1;0;0
505271;24;1;72.1;2;21/03/2021;44.12;1;722;0;0;0
505272;40;0;232.9;4;13/12/2021;43.673;1;766;0;1;0
505273;34;0;17.7;1;3/08/2021;11.361;1;1031;0;0;0
505274;77;1;51.1;1;8/08/2021;47.799;0;405;1;0;0
505275;39;0;82.2;2;26/04/2021;38.17;1;860;0;0;0
505276;31;1;896.6;5;2/12/2021;114.965;1;977;0;1;1
505277;53;1;565.6;7;14/01/2021;89.993;1;744;1;0;0
505278;18;0;194.5;6;20/04/2021;31.134;0;837;3;0;0
505279;37;0;567.7;16;2/06/2021;41.91;1;759;2;0;0
505280;60;0;72;3;24/06/2021;43.874;2;619;1;1;1
505281;35;1;171;7;23/06/2021;28.364;1;634;0;1;0
505282;18;0;249.1;13;23/02/2021;17.464;0;848;3;1;0
505283;31;1;52.3;3;24/03/2021;25.906;1;666;0;0;0
505284;53;1;32.3;1;4/02/2021;28.501;2;446;3;0;0
505285;41;1;84.9;2;28/07/2021;58.723;2;762;2;0;0
505286;26;1;263.7;8;9/05/2021;38.522;1;688;0;1;0
505287;28;0;206.5;8;26/07/2021;27.142;1;564;0;1;0
505288;29;1;26.8;1;4/08/2021;25.46;1;773;1;0;0
505289;40;1;87.6;2;14/09/2021;43.529;2;898;1;1;0
505290;52;0;62;2;19/07/2021;31.934;1;764;1;0;0
505291;49;0;95.8;4;25/08/2021;25.853;1;518;4;1;1
505292;41;0;232.7;7;3/08/2021;23.034;1;867;0;0;0
505293;20;0;119.7;2;27/08/2021;73.508;0;966;0;0;0
505294;20;1;108.1;3;14/08/2021;32.034;1;1158;1;0;0
505295;42;0;285.6;6;26/04/2021;57.449;1;1040;0;0;0
505296;20;1;46.1;3;31/03/2021;15.325;1;579;1;0;0
505297;33;1;73.5;1;15/10/2021;57.806;0;874;3;1;0
505298;40;0;1017.7;16;6/05/2021;49.681;1;826;0;1;0
505299;22;1;51.1;1;20/07/2021;48.545;2;533;2;0;0
505300;24;0;62.9;3;13/03/2021;16.709;2;791;2;0;0
505301;35;0;152.5;4;7/06/2021;35.508;1;1125;0;1;0
505302;42;0;73.4;3;13/07/2021;23.734;1;955;2;1;0
505303;49;0;178.8;8;17/08/2021;20.86;1;558;2;0;0
505304;43;0;29.9;2;12/07/2021;15.017;2;782;0;1;0
505305;37;0;69.4;4;12/05/2021;21.558;1;869;0;1;0
505306;27;0;60.4;3;18/12/2021;20.86;1;469;0;1;0
505306;27;0;60.4;3;18/12/2021;20.86;1;469;0;1;0
505306;27;0;60.4;3;18/12/2021;20.86;1;469;0;1;0
505306;27;0;60.4;3;18/12/2021;20.86;1;469;0;1;0
505306;27;0;60.4;3;18/12/2021;20.86;1;469;0;1;0
505306;27;0;60.4;3;18/12/2021;20.86;1;469;0;1;0
505306;27;0;60.4;3;18/12/2021;20.86;1;469;0;1;0
505306;27;0;60.4;3;18/12/2021;20.86;1;469;0;1;0
505306;27;0;60.4;3;18/12/2021;20.86;1;469;0;1;0
505306;27;0;60.4;3;18/12/2021;20.86;1;469;0;1;0
505306;27;0;60.4;3;18/12/2021;20.86;1;469;0;1;0
505306;27;0;60.4;3;18/12/2021;20.86;1;469;0;1;0
505306;27;0;60.4;3;18/12/2021;20.86;1;469;0;1;0
505306;27;0;60.4;3;18/12/2021;20.86;1;469;0;1;0
505306;27;0;60.4;3;18/12/2021;20.86;1;469;0;1;0
505306;27;0;60.4;3;18/12/2021;20.86;1;469;0;1;0
505306;27;0;60.4;3;18/12/2021;20.86;1;469;0;1;0
505306;27;0;60.4;3;18/12/2021;20.86;1;469;0;1;0
505306;27;0;60.4;3;18/12/2021;20.86;1;469;0;1;0
505306;27;0;60.4;3;18/12/2021;20.86;1;469;0;1;0
505306;27;0;60.4;3;18/12/2021;20.86;1;469;0;1;0
505327;51;0;78.3;1;12/02/2021;54.031;2;873;3;0;0
505328;26;1;162.3;4;21/01/2021;51.478;1;1029;0;1;1
505329;39;1;121.2;3;27/01/2021;35.787;2;999;0;1;0
505330;18;1;124.9;3;14/11/2021;61.983;0;792;1;0;1
505331;18;0;72.1;5;4/11/2021;21.837;2;1005;0;1;0
505332;40;0;26.9;1;27/10/2021;22.776;0;686;0;1;0
505333;26;1;308.8;6;21/01/2021;43.753;0;1227;0;0;0
505334;18;1;60.6;2;29/01/2021;24.501;2;823;0;1;0
505335;42;0;554;10;13/04/2021;50.658;1;986;0;1;0
505336;61;0;341.5;6;26/07/2021;45.324;2;715;0;1;1
505337;53;0;97.7;1;2/05/2021;89.691;2;830;2;1;0
505338;33;1;106.9;6;27/06/2021;22.438;0;878;0;0;0
505339;36;1;485.5;5;5/03/2021;53.234;2;613;0;0;0
505340;47;0;93.7;4;24/09/2021;28.848;1;607;0;0;0
505341;49;1;49.3;1;25/04/2021;39.897;1;683;3;1;0
505342;32;1;385.1;7;25/01/2021;48.574;2;979;0;0;0
505343;36;1;436.2;8;29/09/2021;41.825;1;450;0;1;0
505344;40;0;138;3;26/11/2021;52.693;2;695;1;1;1
505345;43;0;187.7;4;6/01/2021;43.152;2;996;1;0;0
505346;34;1;52.7;2;9/06/2021;30.801;1;518;2;0;0
505347;35;1;297.6;5;29/10/2021;51.487;1;1006;0;0;0
505348;53;1;197;5;15/09/2021;54.314;1;577;0;0;0
505349;51;1;127.9;3;9/11/2021;31.046;0;615;0;0;0
505350;42;0;90.4;2;1/06/2021;25.114;1;734;1;1;0
505351;57;0;107.5;2;16/05/2021;40.819;0;1117;0;1;0
505352;31;0;96.3;4;16/09/2021;43.386;1;665;0;1;1
505353;55;1;61.4;4;26/02/2021;17.532;0;468;0;0;0
505354;43;0;144.4;3;29/03/2021;37.664;0;468;3;0;0
505355;75;1;38;2;8/08/2021;25.139;2;948;0;1;0
505356;22;1;189.5;18;1/09/2021;16.402;2;536;0;1;1
505357;28;1;264.4;6;13/02/2021;48.173;1;934;3;1;1
505358;41;1;128.8;7;5/07/2021;20.73;2;773;1;0;0
505359;41;1;223.3;4;14/05/2021;63.795;1;754;1;1;0
505360;59;0;736.9;19;3/07/2021;61.829;1;814;1;1;1
505361;28;1;125.5;2;16/12/2021;46.106;1;636;0;0;1
505362;47;0;103.5;2;28/01/2021;66.094;0;765;2;0;0
505363;50;0;199.9;4;30/12/2021;55.65;1;565;0;0;0
505364;44;1;25.2;1;14/06/2021;22.716;1;963;3;1;0
505365;24;1;56.8;1;9/10/2021;53.96;1;595;0;0;0
505366;53;1;167.8;7;4/06/2021;27.028;1;839;1;0;0
505367;51;0;275.8;4;24/04/2021;54.528;1;594;0;0;0
505368;43;0;31.8;1;9/10/2021;28.977;1;684;0;0;0
505369;38;1;107.6;5;8/09/2021;19.845;2;713;0;1;0
505370;39;1;336.6;9;22/02/2021;41.56;1;1277;2;0;0
505371;35;0;40.6;2;15/09/2021;28.18;1;777;0;0;0
505372;44;1;540.2;7;2/10/2021;62.483;1;572;3;1;1
505373;36;1;473.1;9;22/05/2021;63.009;2;700;0;1;0
505374;26;1;61.2;5;4/12/2021;18.812;1;489;1;0;1
505375;23;0;162.8;5;22/08/2021;35.693;0;731;1;0;0
505376;27;1;49.1;1;2/05/2021;46.645;1;1113;0;0;0
505377;39;0;40.4;1;4/01/2021;37.769;1;820;1;0;0
505378;36;0;68.1;2;4/09/2021;38.124;0;923;1;1;0
505379;39;0;320.9;8;18/03/2021;40.313;1;596;1;1;0
505380;42;1;213.5;17;4/10/2021;17.363;1;723;1;0;0
505381;28;1;101.5;1;11/07/2021;84.783;1;797;1;0;1
505382;54;0;105.1;3;20/06/2021;48.541;1;649;0;0;0
505383;33;0;245.5;8;1/03/2021;26.121;2;852;0;1;0
505384;31;0;77.8;3;17/09/2021;24.986;1;891;0;0;0
505385;42;0;298.3;3;2/03/2021;52.725;1;858;1;0;0
505386;18;1;37.3;1;2/06/2021;35.435;0;693;3;0;0
505387;27;0;121.9;4;2/11/2021;48.762;1;976;0;1;1
505388;48;0;202.1;6;2/12/2021;46.262;1;734;0;1;0
505389;18;1;68;2;28/12/2021;36.837;1;717;0;0;0
505390;49;0;44.4;5;16/12/2021;18.629;1;1019;1;1;1
505391;54;1;45.8;2;22/07/2021;35.061;2;561;1;1;1
505392;32;1;56.3;1;15/03/2021;53.485;1;453;1;0;1
505393;40;1;327.7;4;3/11/2021;47.714;2;604;1;1;0
505394;49;1;139.1;5;20/10/2021;28.543;1;810;2;0;0
505395;30;0;105.7;4;28/12/2021;34.443;1;1011;0;1;0
505396;46;1;247.9;3;26/08/2021;70.92;1;661;0;1;1
505397;28;1;287.6;3;21/02/2021;76.444;1;1107;0;0;1
505398;30;0;41.2;1;3/07/2021;39.14;1;725;3;0;0
505399;26;1;119.6;2;13/06/2021;51.166;0;719;2;0;0
505400;40;1;512.3;9;4/11/2021;41.072;2;627;0;1;0
505401;50;1;282.4;5;24/05/2021;58.15;1;1131;0;1;1
505402;34;1;88;3;30/04/2021;34.846;2;753;0;0;0
505403;21;0;64.7;3;30/01/2021;24.598;1;480;3;0;0
505404;23;1;118.2;2;1/11/2021;80.47;2;1222;0;0;0
505405;41;1;82.2;1;3/10/2021;78.09;1;831;1;1;0
505406;58;1;341.2;8;16/01/2021;36.505;1;924;0;0;0
505407;41;0;80.7;2;8/06/2021;42.67;2;1063;1;1;0
505408;31;1;110.7;4;25/06/2021;44.056;2;871;1;0;1
505409;45;1;120.6;3;21/06/2021;36.926;1;955;0;0;0
505410;33;0;47.2;1;2/12/2021;35.822;0;750;2;0;0
505411;31;1;170.3;3;24/02/2021;59.359;1;912;0;0;0
505412;24;1;62.3;3;22/04/2021;21.212;1;734;2;0;0
505413;53;1;158.3;4;8/03/2021;27.396;1;776;0;1;0
505414;18;1;415.6;6;31/03/2021;51.639;1;782;1;0;0
505415;46;0;45;1;28/11/2021;39.213;1;709;0;0;0
505416;30;1;191.8;2;10/12/2021;72.906;0;851;1;1;1
505417;31;1;345.4;7;17/01/2021;36.789;1;870;0;0;0
505418;56;0;134.4;3;19/08/2021;51.091;1;907;1;1;1
505419;27;0;71.6;2;26/03/2021;32.489;1;895;0;1;0
505420;28;0;496.4;7;12/03/2021;75.041;2;1140;0;1;1
505421;34;1;254.4;3;17/04/2021;51.691;1;929;2;1;0
505422;41;0;47.8;2;12/03/2021;21.458;1;743;0;0;0
505423;31;1;670.3;13;28/06/2021;47.179;1;862;0;0;0
505424;18;1;527.6;6;30/12/2021;55.072;0;1014;1;0;0
505425;26;1;146.7;4;3/08/2021;35.119;1;609;0;0;0
505426;51;0;237.9;5;21/09/2021;57.575;0;1103;2;0;1
505427;37;1;156.9;4;30/06/2021;71.99;1;641;0;0;1
505428;41;0;505.7;17;6/01/2021;33.111;2;882;3;1;0
505429;33;1;339.2;8;31/01/2021;40.406;0;721;3;1;0
505430;28;0;184.1;5;9/04/2021;28.791;1;771;0;0;0
505431;56;1;147.3;3;30/03/2021;53.831;1;545;0;1;1
505432;34;0;38.4;2;3/11/2021;23.85;1;923;1;1;0
505433;31;0;164.6;3;4/11/2021;53.888;1;508;2;0;1
505434;49;1;75.4;1;8/11/2021;71.63;1;520;0;1;0
505435;27;1;66.6;2;21/08/2021;24.067;0;989;0;1;0
505436;29;1;294.7;3;23/07/2021;77.885;2;1102;0;1;1
505437;36;1;135;6;25/08/2021;34.87;0;620;2;1;0
505438;36;0;44.7;2;29/05/2021;27.618;1;941;1;0;0
505439;39;0;188.8;5;2/09/2021;38.919;2;923;0;1;1
505440;61;1;1048.9;17;17/10/2021;44.76;1;764;0;1;1
505441;40;1;117.4;4;6/10/2021;29.725;0;980;2;1;0
505442;18;1;368.9;6;13/08/2021;55.761;2;691;3;0;0
505443;40;0;204.8;6;22/01/2021;32.036;0;873;0;1;0
505444;36;1;652.4;23;22/09/2021;41.812;1;554;0;1;0
505445;37;0;432;5;14/05/2021;94.062;0;562;0;1;0
505446;39;1;198.2;7;29/09/2021;34.226;1;970;1;0;0
505447;36;1;30.9;1;16/07/2021;29.121;1;879;0;0;0
505448;35;1;32.3;1;18/11/2021;30.549;2;754;0;0;0
505449;43;0;118.3;2;4/05/2021;58.652;1;1083;2;1;0
505450;29;0;171.2;5;6/12/2021;34.697;2;1122;0;0;0
505451;25;0;42.4;1;5/11/2021;40.28;1;859;0;1;0
505452;72;0;298;8;1/05/2021;31.059;1;518;0;1;1
505453;27;0;104.4;3;26/06/2021;31.593;1;760;0;0;0
505454;37;1;995.3;19;13/07/2021;55.683;1;630;0;1;0
505455;18;0;337.9;16;8/10/2021;20.298;2;796;0;0;1
505456;37;0;59.4;4;9/09/2021;18.964;1;611;0;0;1
505457;25;1;87.8;4;7/11/2021;28.737;1;565;0;0;0
505458;31;0;495.5;13;16/05/2021;29.142;2;313;3;1;0
505459;49;0;296.9;11;4/07/2021;31.813;1;750;3;1;0
505460;42;1;150.2;6;7/06/2021;32.229;1;366;0;0;0
505461;43;0;107.7;2;28/11/2021;36.819;1;702;1;1;0
505462;18;0;105.8;3;22/04/2021;28.317;1;905;0;0;0
505463;58;1;127.6;2;3/08/2021;66.8;0;610;2;0;0
505464;22;0;62.9;1;13/02/2021;54.342;0;525;3;1;1
505465;54;0;300.5;9;7/11/2021;41.521;0;748;1;1;1
505466;48;0;192.1;3;21/05/2021;56.765;1;611;1;1;0
505467;43;0;56.7;5;5/05/2021;11.192;2;813;0;1;0
505468;26;1;304.9;8;1/08/2021;41.736;1;594;0;0;0
505469;38;0;168.9;3;2/07/2021;52.77;1;761;0;0;0
505470;30;0;44.1;2;6/11/2021;31.477;2;718;0;0;1
505471;36;0;49.4;1;13/07/2021;46.456;1;758;1;1;0
505472;33;1;80.8;5;8/07/2021;26.97;1;1074;0;1;0
505473;18;0;146;4;8/02/2021;39.608;1;816;0;0;0
505474;49;1;200.6;9;9/01/2021;20.92;2;851;1;0;0
505475;35;0;220.6;6;26/05/2021;52.739;0;628;2;0;0
505476;30;1;362.5;9;31/12/2021;36.619;2;800;1;1;0
505477;29;0;114.9;5;1/12/2021;39.797;1;731;0;0;0
505478;40;0;308.2;10;18/08/2021;40.44;1;745;2;1;1
505479;25;1;60.6;1;19/08/2021;57.57;0;897;0;0;0
505480;18;0;154.8;4;23/05/2021;38.909;1;670;1;1;0
505481;41;1;290.4;5;6/03/2021;54.795;1;708;0;0;0
505482;42;1;37.1;2;4/01/2021;28.07;2;692;0;0;0
505483;34;1;48.2;1;4/05/2021;45.79;1;619;4;0;0
505484;22;0;327.7;4;26/04/2021;69.122;2;811;0;0;0
505485;37;1;530.7;8;11/03/2021;74.183;1;714;0;1;0
505486;18;0;60.8;6;5/04/2021;10.762;2;1050;0;1;0
505487;24;1;295.8;11;10/01/2021;38.555;0;1192;4;0;0
505488;27;1;179.3;8;10/08/2021;18.067;2;638;2;0;0
505489;46;1;37.2;1;5/12/2021;35.34;2;833;0;0;1
505490;32;1;588.8;15;10/09/2021;33.112;1;947;1;1;1
505491;31;1;894.7;11;13/06/2021;46.991;1;732;0;0;0
505492;59;1;37.5;1;3/06/2021;35.345;2;581;1;0;0
505493;40;0;126.9;6;23/04/2021;25.66;0;1093;0;0;0
505494;40;1;260.2;6;21/02/2021;45.452;1;904;0;1;0
505495;32;0;352.1;12;7/08/2021;22.888;2;817;1;0;0
505496;29;0;312.2;16;26/07/2021;24.518;1;981;3;1;0
505497;18;1;439;25;3/01/2021;32.279;0;919;0;1;1
505498;48;0;267.8;6;1/06/2021;33.668;1;771;0;0;0
505499;41;1;302.1;8;12/04/2021;37.58;1;544;3;0;0
505500;34;0;40.8;1;4/03/2021;38.76;2;691;0;0;0
505501;34;0;143.8;5;14/09/2021;32.165;1;997;0;1;1
505502;45;1;66.7;2;11/07/2021;40.991;2;903;0;0;0
505503;18;0;67;2;20/08/2021;35.195;1;746;0;0;0
505504;29;1;152.7;4;18/09/2021;35.805;1;1098;0;0;0
505505;22;1;20.8;1;25/12/2021;19.76;1;752;0;1;1
505506;57;1;316.5;7;21/10/2021;44.931;0;958;0;1;0
505507;47;0;50.6;1;15/08/2021;47.579;0;820;0;0;0
505508;18;1;357.4;8;17/11/2021;52.335;1;1088;2;1;1
505509;18;0;253.9;7;24/06/2021;35.915;2;916;0;0;0
505510;34;0;180.1;3;26/12/2021;58.211;1;768;1;0;0
505511;30;0;235.6;6;5/10/2021;43.852;1;748;0;0;0
505512;20;0;135.8;3;26/08/2021;27.805;1;777;0;1;0
505513;59;0;125.9;4;26/11/2021;35.299;1;649;0;1;0
505514;40;0;91;3;8/07/2021;27.232;2;534;0;0;0
505515;42;0;40.9;2;21/09/2021;23.022;1;816;1;0;0
505516;28;1;432.7;8;14/04/2021;48.234;1;684;0;0;0
505517;45;0;33.9;1;18/12/2021;32.205;1;663;1;0;0
505518;31;0;406.3;6;16/08/2021;46.582;1;704;3;0;0
505519;33;0;352.9;4;13/10/2021;81.415;1;789;0;0;0
505520;43;0;150.1;3;18/06/2021;62.855;0;721;3;0;1
505521;18;1;97.6;5;13/11/2021;21.666;0;1093;0;0;0
505522;55;1;69.8;3;28/01/2021;28.102;1;899;0;0;0
505523;38;1;82.9;2;11/02/2021;45.482;2;1159;0;0;0
505524;51;1;212.4;5;5/07/2021;42.856;1;661;2;0;0
505525;23;0;282;5;25/09/2021;65.138;0;901;1;0;0
505526;25;1;107.2;3;23/10/2021;29.833;1;641;4;1;0
505527;22;0;35.2;1;10/06/2021;22.373;1;659;1;0;1
505528;39;0;24.7;1;26/08/2021;23.161;2;1166;0;0;0
505529;37;0;66.5;2;21/07/2021;58.247;1;582;3;0;0
505530;30;0;140.7;4;17/12/2021;43.944;1;318;3;0;1
505531;24;1;1277.9;25;27/08/2021;56.235;1;613;2;1;1
505532;21;0;105.8;3;2/06/2021;29.285;1;399;1;0;0
505533;35;0;26.4;1;20/12/2021;24.81;0;569;2;0;0
505534;30;0;56.8;1;9/02/2021;53.96;1;625;0;0;1
505535;28;1;156.4;10;26/12/2021;18.774;1;726;3;0;0
505536;55;1;261;8;26/02/2021;45.159;0;341;4;1;0
505537;35;1;142.6;3;16/04/2021;74.485;1;975;1;1;0
505538;51;1;26.7;2;27/10/2021;13.107;2;442;0;0;0
505539;30;1;48;3;25/09/2021;23.057;0;757;0;0;0
505540;39;0;155.9;5;21/12/2021;33.774;1;662;3;0;0
505541;35;0;227;7;1/10/2021;27.649;1;869;3;0;0
505542;18;0;51;2;21/08/2021;32.19;0;823;1;0;0
505543;53;0;378.1;3;7/05/2021;95.022;2;934;3;0;0
505544;34;1;174;8;2/01/2021;26.205;1;715;0;0;0
505545;45;0;34.1;1;15/02/2021;31.92;0;636;3;0;0
505546;27;0;101.1;5;19/04/2021;22.529;1;854;0;0;0
505547;34;1;121.5;6;15/01/2021;18.663;0;965;0;1;0
505548;26;0;328;6;5/07/2021;50.43;0;929;0;1;1
505549;51;0;114.6;6;11/10/2021;17.425;1;838;0;0;0
505550;40;0;95.3;3;18/12/2021;22.035;0;822;0;1;1
505551;40;1;183.3;5;28/06/2021;35.011;2;733;2;0;0
505552;52;0;410.4;10;16/11/2021;46.963;2;854;0;0;0
505553;50;0;617.2;24;26/12/2021;29.261;2;1126;1;1;1
505554;45;0;74.5;4;10/11/2021;25.848;1;736;0;0;0
505555;19;1;76.8;4;19/06/2021;15.621;1;674;2;1;0
505556;28;0;65.2;2;29/04/2021;51.56;1;701;0;1;1
505557;24;0;37;1;23/12/2021;35.15;1;830;1;0;0
505558;45;1;356.3;10;30/03/2021;36.939;2;378;1;0;0
505559;38;1;76.3;5;31/05/2021;19.398;1;756;0;0;0
505560;19;0;275.5;5;28/01/2021;54.36;0;939;0;1;1
505561;34;0;30;1;17/10/2021;27.943;1;685;0;0;0
505562;18;0;296.9;5;26/08/2021;49.617;0;814;0;1;0
505563;35;1;210.4;7;31/01/2021;26.054;2;1160;0;0;0
505564;18;0;122;3;23/03/2021;38.508;0;840;0;0;0
505565;42;1;149.2;6;22/07/2021;25.419;1;357;1;0;0
505566;41;1;256.9;4;17/07/2021;53.957;2;526;0;1;0
505567;59;1;62.7;3;20/10/2021;20.918;1;735;0;1;0
505568;46;0;234.1;4;8/04/2021;41.284;1;635;0;0;0
505569;31;1;126.2;5;4/12/2021;20.206;2;799;0;0;0
505570;46;1;55.5;2;12/06/2021;29.74;2;727;0;0;0
505571;19;1;182.4;3;28/10/2021;45.22;0;970;1;0;0
505572;24;0;97.9;3;29/03/2021;24.02;0;564;1;1;1
505573;40;1;146.8;2;14/01/2021;43.221;1;743;0;0;0
505574;18;1;455.8;7;21/01/2021;55.183;0;819;0;1;1
505575;36;1;14.6;1;17/05/2021;13.87;0;841;0;0;0
505576;24;1;487.2;14;14/12/2021;44.221;1;786;1;1;0
505577;37;0;580.6;13;18/01/2021;58.085;0;346;0;1;0
505578;23;0;94.5;3;15/05/2021;24.494;0;755;2;0;0
505579;41;1;144.1;3;9/02/2021;28.667;2;733;1;1;1
505580;36;1;112.9;6;7/12/2021;17.175;1;916;1;0;0
505581;53;1;70.9;3;4/09/2021;23.388;1;910;0;1;0
505582;36;0;182.7;3;6/10/2021;53.699;0;763;3;0;0
505583;27;0;33.4;1;18/09/2021;29.005;1;836;0;0;0
505584;33;1;421;7;28/08/2021;43.829;1;1023;0;1;0
505585;20;1;168.3;8;10/10/2021;24.351;1;927;3;1;0
505586;41;0;114.2;3;3/01/2021;33.944;1;810;1;1;0
505587;43;0;75.2;1;12/11/2021;61.314;1;1166;0;1;0
505588;66;1;147.8;2;28/09/2021;76.117;1;667;0;1;1
505589;29;0;50.7;2;27/09/2021;37.493;1;567;0;1;0
505590;33;0;81.9;4;24/05/2021;35.368;1;738;2;1;1
505591;29;0;25.3;1;20/10/2021;24.035;0;713;0;0;0
505592;39;0;132.5;2;20/05/2021;50.214;1;336;0;0;0
505593;41;0;49.2;1;18/01/2021;33.164;1;663;0;0;0
505594;35;1;142.8;3;28/11/2021;62.691;1;772;4;1;0
505595;49;1;66.6;3;27/03/2021;20.315;2;750;1;0;1
505596;29;1;121.3;7;7/02/2021;28.818;0;640;0;1;0
505597;48;1;364.4;13;15/08/2021;32.728;1;728;3;1;0
505598;42;0;338.3;7;27/03/2021;44.066;1;802;0;1;0
505599;36;0;118.2;5;10/11/2021;19.171;0;869;2;1;0
505600;32;0;311.9;11;11/06/2021;33.58;0;645;1;1;0
505601;65;0;58;1;2/01/2021;55.1;1;937;0;1;0
505602;26;1;155.3;4;14/12/2021;39.519;1;544;2;0;0
505603;40;0;197.9;7;7/07/2021;39.466;2;629;3;1;0
505604;27;1;31.6;1;6/04/2021;24.275;1;1086;0;1;0
505605;57;0;360.2;10;5/09/2021;36.987;2;596;0;1;1
505606;47;0;127.8;7;13/07/2021;22.278;0;621;2;0;0
505607;28;0;108.7;2;11/01/2021;55.209;1;554;0;0;0
505608;42;0;58.5;1;5/10/2021;49.626;1;631;0;1;1
505609;39;1;212.2;7;27/05/2021;37.076;1;805;0;1;0
505610;30;1;87.8;3;13/09/2021;42.466;1;867;2;1;1
505611;45;0;66.5;1;23/11/2021;63.175;1;757;1;1;0
505612;41;1;483.3;3;11/08/2021;97.01;1;662;3;1;1
505613;39;1;45.4;1;3/09/2021;36.317;1;556;0;0;0
505614;35;0;179.2;6;3/04/2021;43.067;0;579;4;1;1
505615;41;0;43;1;28/03/2021;40.85;1;502;0;0;0
505616;39;0;614.4;8;1/06/2021;80.638;1;893;1;1;1
505617;37;0;107.8;2;8/11/2021;56.951;1;905;1;0;1
505618;28;1;290.6;8;11/07/2021;41.89;2;773;0;1;0
505619;56;0;330.6;9;8/05/2021;52.067;1;839;1;0;0
505620;23;1;176.1;5;12/10/2021;42.233;1;938;0;0;0
505621;41;1;131.4;8;8/11/2021;18.678;1;798;0;1;0
505622;32;0;74.6;1;26/11/2021;66.744;1;1011;1;1;1
505623;57;1;52.6;2;20/04/2021;25.201;1;596;0;1;0
505624;25;0;82.9;2;17/09/2021;39.669;1;697;1;1;1
505625;27;0;39.2;2;4/08/2021;28.317;2;696;0;1;1
505626;24;0;58.4;2;13/06/2021;31.104;1;897;0;0;0
505627;40;0;414;8;25/05/2021;39.767;1;502;1;1;0
505628;20;0;534.7;12;11/02/2021;61.283;1;1041;0;1;0
505629;30;1;180;4;11/04/2021;32.714;1;821;3;1;1
505630;18;1;132.2;2;20/07/2021;64.236;1;1025;4;0;0
505631;39;1;80.1;4;20/11/2021;17.026;1;773;0;1;0
505632;30;0;118.1;9;13/11/2021;23.307;1;681;0;0;1
505633;18;1;57.1;2;10/03/2021;26.675;1;898;0;1;1
505634;49;0;320.9;8;5/09/2021;49.848;1;926;2;0;0
505635;20;1;111.4;5;31/01/2021;21.873;2;651;0;0;0
505636;46;1;21.2;1;4/09/2021;19.952;2;360;3;0;0
505637;28;1;530.2;5;5/05/2021;93.763;0;381;4;1;1
505638;55;0;52.2;2;14/06/2021;33.961;1;827;0;1;0
505639;45;1;727.5;9;19/09/2021;71.82;1;1037;1;1;0
505640;24;1;61;1;5/06/2021;55.681;1;546;0;0;0
505641;25;0;807.8;15;22/10/2021;50.312;2;731;0;1;0
505642;43;1;123.8;2;14/07/2021;73.921;2;717;0;0;1
505643;33;0;72.6;2;31/12/2021;31.627;1;1106;1;0;0
505644;34;0;237;11;21/08/2021;24.787;2;1187;0;1;1
505645;51;1;330.6;8;19/04/2021;44.146;1;796;3;0;0
505646;27;1;107.8;3;10/10/2021;29.872;1;942;0;1;0
505647;37;0;234.5;3;29/05/2021;46.793;0;917;1;0;0
505648;47;0;938.2;18;14/07/2021;52.483;0;490;3;1;0
505649;46;0;36.7;2;19/02/2021;25.589;0;886;1;0;0
505650;34;0;75.1;3;13/02/2021;26.823;2;596;0;0;0
505651;33;1;39.4;1;29/07/2021;33.626;2;749;0;0;0
505652;18;0;646.8;12;10/03/2021;58.881;1;985;0;1;0
505653;23;1;34.3;2;31/12/2021;24.579;1;795;0;0;0
505654;40;0;165.2;2;9/11/2021;77.497;1;918;3;0;0
505655;34;0;79.4;5;13/09/2021;16.697;1;1014;0;0;0
505656;37;0;247.9;4;26/09/2021;72.519;2;464;0;0;0
505657;48;0;42.2;1;6/08/2021;39.356;0;348;2;0;0
505658;22;0;158.9;3;23/01/2021;42.29;0;989;0;1;0
505659;33;0;119;3;24/05/2021;43.988;1;936;3;0;0
505660;38;0;15.1;1;30/06/2021;12.347;2;826;0;0;0
505661;28;0;63.3;2;1/12/2021;30.812;1;851;0;1;0
505662;53;1;187.4;7;22/03/2021;34.419;1;921;1;0;0
505663;47;1;161;4;1/07/2021;71.409;0;937;0;1;1
505664;39;1;519.7;15;6/05/2021;32.715;1;665;3;1;0
505665;58;0;71.6;1;19/02/2021;68.02;1;952;0;1;0
505666;18;0;568.2;9;7/02/2021;75.47;0;718;0;0;0
505667;36;0;48.3;1;14/05/2021;45.588;2;824;0;0;0
505668;40;1;57;2;31/01/2021;38.192;2;816;0;0;0
505669;25;1;120.5;5;25/01/2021;22.547;1;605;1;0;0
505670;40;0;604.4;16;9/05/2021;55.012;1;646;0;1;1
505671;23;0;58.2;2;15/03/2021;31.151;1;1162;1;0;0
505672;44;0;113.7;2;22/07/2021;64.059;1;559;3;0;0
505673;49;0;90.5;7;7/01/2021;18.814;2;847;0;1;0
505674;39;1;195.2;6;21/04/2021;31.575;1;864;1;1;1
505675;18;0;52.1;1;15/06/2021;49.495;2;770;0;1;0
505676;24;0;409.2;3;18/12/2021;75.172;1;861;2;0;0
505677;43;0;197.5;5;20/08/2021;48.992;0;839;0;1;0
505678;36;0;301.1;3;18/11/2021;64.187;2;603;1;1;0
505679;18;0;222.4;6;6/05/2021;36.569;1;877;0;1;0
505680;51;0;629.8;9;14/06/2021;78.79;0;682;0;0;0
505681;38;0;42.1;1;3/06/2021;39.751;1;1093;0;0;0
505682;26;0;48.1;1;20/11/2021;44.994;1;857;0;0;0
505683;48;1;234;7;17/12/2021;39.263;1;594;3;1;0
505684;28;0;52.9;2;18/12/2021;31.832;0;842;0;0;0
505685;28;0;117.4;3;2/10/2021;43.484;2;544;4;0;0
505686;40;1;401.8;12;3/07/2021;40.215;2;826;0;0;0
505687;57;0;283.7;5;17/07/2021;45.382;2;739;0;1;0
505688;55;1;72;7;24/12/2021;13.491;1;631;0;0;0
505689;40;1;40.3;2;14/04/2021;24.296;0;629;0;0;0
505690;42;0;156.6;6;7/05/2021;27.854;1;1178;2;1;0
505691;45;0;61.5;4;24/11/2021;18.895;2;796;0;1;0
505692;21;1;357;13;22/05/2021;21.727;2;642;3;1;0
505693;44;0;156.3;4;27/03/2021;49.321;1;671;0;1;0
505694;27;0;44.1;1;24/07/2021;41.35;1;865;0;0;0
505695;40;1;553.4;11;29/04/2021;55.665;1;665;0;0;0
505696;33;0;56.7;1;22/11/2021;53.865;1;563;1;0;0
505697;42;1;95.1;1;28/11/2021;55.932;2;774;0;0;0
505698;37;1;192.9;4;22/04/2021;35.42;2;713;3;0;0
505699;18;1;492.6;7;13/07/2021;62.441;1;705;0;0;0
505700;38;1;186.4;6;26/12/2021;32.623;1;620;0;0;1
505701;44;1;1144.2;11;28/09/2021;73.126;2;670;2;1;1
505702;41;0;361.4;7;20/03/2021;54.406;1;675;1;0;0
505703;35;1;476.3;11;4/08/2021;47.034;1;630;2;1;0
505704;56;1;320.1;9;15/08/2021;36.538;0;830;0;1;0
505705;40;1;51.6;2;27/08/2021;26.872;1;1161;1;0;0
505706;41;1;76.4;2;10/01/2021;35.742;1;1020;0;0;0
505707;49;1;19.1;1;20/04/2021;18.145;0;1060;4;1;0
505708;40;0;103.9;3;8/11/2021;68.149;2;678;0;1;1
505709;25;1;268.1;9;30/03/2021;28.2;1;1041;2;0;0
505710;18;0;94;3;20/04/2021;28.104;2;821;0;0;0
505711;30;0;35.9;2;28/04/2021;17.714;1;918;2;1;1
505712;45;0;75.3;4;6/03/2021;22.432;2;822;2;1;0
505713;32;1;413;5;26/02/2021;134.871;1;658;3;1;1
505714;46;1;289.7;8;7/05/2021;27.464;1;910;0;0;0
505715;38;0;512.9;10;16/11/2021;56.34;1;867;0;1;0
505716;51;0;35.5;2;1/01/2021;20.054;1;422;2;0;0
505717;32;0;201.7;12;14/04/2021;19.673;1;738;1;0;0
505718;42;0;240.2;6;23/01/2021;35.546;0;917;1;1;0
505719;42;0;270.8;6;24/07/2021;36.177;0;830;0;0;0
505720;54;1;60.7;2;2/04/2021;27.603;1;865;0;0;0
505721;18;0;108.8;3;17/10/2021;33.299;0;645;0;1;0
505722;30;0;120.3;5;2/08/2021;28.63;1;806;1;1;1
505723;46;0;233.5;4;14/10/2021;73.604;1;763;0;1;1
505724;55;0;242;3;20/08/2021;89.441;1;743;0;0;0
505725;39;1;120.8;2;10/06/2021;55.108;1;618;2;0;0
505726;32;0;32.9;2;11/11/2021;18.996;1;945;0;0;0
505727;45;0;49;1;23/06/2021;42.892;1;782;3;0;0
505728;46;1;161.8;5;13/12/2021;27.841;1;824;0;0;0
505729;32;0;349.2;11;30/12/2021;27.023;1;1149;0;1;0
505730;40;1;86.8;2;3/08/2021;48.311;1;865;0;0;0
505731;50;1;704.4;22;4/09/2021;44.116;1;996;0;0;1
505732;59;1;155.3;4;4/04/2021;38.817;1;809;1;0;0
505733;45;1;98;3;25/10/2021;36.905;1;716;0;0;0
505734;37;0;42;2;3/09/2021;27.895;1;589;0;0;1
505735;35;0;165.4;8;26/11/2021;22.191;1;823;0;1;0
505736;43;0;109.3;3;8/04/2021;31.487;1;281;1;0;0
505737;35;0;50.7;2;15/10/2021;31.466;1;789;2;1;0
505738;38;0;448.2;7;21/06/2021;42.209;2;837;0;1;0
505739;23;0;949.2;16;9/03/2021;52.208;0;741;0;1;0
505740;52;0;88.9;3;4/03/2021;33.312;2;763;0;1;0
505741;22;0;644.6;14;25/07/2021;41.465;1;535;1;1;1
505742;31;1;1059.4;25;27/04/2021;52.95;0;1029;0;1;0
505743;37;0;65;2;7/02/2021;31.271;1;719;0;0;0
505744;60;0;334.5;7;5/06/2021;42.914;1;565;2;0;0
505745;31;0;363.1;8;27/08/2021;38.596;2;878;0;1;0
505746;28;1;268.4;9;27/04/2021;30.924;1;780;1;1;0
505747;29;0;196.1;13;15/12/2021;19.764;1;715;0;1;0
505748;56;1;71.7;3;12/10/2021;26.578;0;636;3;1;1
505749;18;0;360;5;7/07/2021;53.091;1;779;0;0;0
505750;24;0;142.9;10;8/12/2021;16.916;1;1022;0;0;0
505751;69;1;282;4;8/06/2021;91.571;0;865;0;1;1
505752;43;0;48.6;2;20/02/2021;25.813;1;774;0;1;0
505753;23;0;18.5;1;14/01/2021;16.105;2;913;1;1;0
505754;35;0;291.7;14;9/12/2021;27.432;1;785;0;1;0
505755;37;0;32.6;3;17/12/2021;12.694;1;852;0;0;0
505756;46;0;52.9;4;27/09/2021;17.062;1;787;1;0;0
505757;58;0;423.9;8;7/02/2021;37.699;2;886;0;0;0
505758;41;0;55.8;4;18/04/2021;17.648;1;680;1;0;0
505759;30;1;130;7;15/01/2021;18.055;1;555;1;1;0
505760;45;0;65.6;2;19/01/2021;43.248;1;943;0;1;1
505761;28;0;40.6;1;31/03/2021;36.893;1;1031;1;1;0
505762;24;1;53.8;1;28/07/2021;42.47;1;523;3;0;0
505763;18;0;69.1;2;24/01/2021;36.142;1;772;2;0;0
505764;18;1;39.1;1;26/12/2021;32.4;1;699;0;0;0
505765;25;0;52.2;1;16/06/2021;45.227;0;939;0;0;0
505766;22;1;462.8;9;7/04/2021;48.507;1;764;3;0;0
505767;40;1;319.6;7;8/07/2021;36.716;1;1359;1;0;0
505768;22;0;73.1;1;16/10/2021;41.756;0;726;0;0;0
505769;18;1;41.8;3;25/04/2021;10.244;1;1057;0;0;0
505770;23;1;59;3;18/01/2021;29.282;0;1054;1;1;0
505771;30;1;278.1;6;19/01/2021;65.466;1;836;2;1;0
505772;29;0;51.5;2;7/11/2021;26.346;1;727;3;0;0
505773;54;0;52.7;2;10/02/2021;43.815;1;737;3;1;0
505774;29;0;224.2;6;20/08/2021;38.837;1;782;0;0;0
505775;47;1;132.4;7;21/05/2021;27.673;0;964;1;0;0
505776;36;0;89.1;2;11/10/2021;42.858;1;623;0;1;0
505777;35;0;219.1;7;23/01/2021;28.467;1;751;0;0;0
505778;26;1;113.2;4;24/11/2021;32.993;0;729;0;1;1
505779;35;0;28.9;1;12/09/2021;27.056;1;409;3;0;0
505780;27;1;24.2;1;13/06/2021;22.99;1;935;0;0;0
505781;38;0;136.5;6;17/03/2021;22.263;1;971;0;0;0
505782;33;1;82.7;4;23/12/2021;28.064;1;666;0;0;0
505783;25;0;172;6;21/04/2021;36.02;0;965;0;0;0
505784;48;0;70.7;2;29/06/2021;34.475;1;495;0;0;1
505785;41;1;235.4;9;24/05/2021;28.618;2;784;0;0;0
505786;31;0;116.6;1;26/03/2021;110.77;1;757;0;0;0
505787;38;0;193.2;3;2/06/2021;56.961;2;796;0;1;1
505788;35;0;64.3;4;25/02/2021;16.302;1;755;2;1;0
505789;26;1;141.6;4;1/01/2021;39.954;2;746;1;1;0
505790;37;0;96.9;2;16/04/2021;44.576;1;670;2;1;1
505791;29;0;405.8;3;10/02/2021;169.736;1;760;0;1;0
505792;25;0;41.8;2;1/06/2021;39.71;1;1025;0;1;0
505793;18;0;482;4;11/11/2021;85.789;2;676;0;1;0
505794;32;1;132.4;6;1/03/2021;31.788;1;1126;3;1;1
505795;43;0;410.5;11;1/01/2021;24.67;2;666;0;1;0
505796;28;1;56.8;3;10/02/2021;24.925;1;823;0;1;1
505797;66;1;102.1;3;5/07/2021;62.281;1;823;3;1;1
505798;47;1;23.9;1;11/04/2021;22.705;1;667;3;0;0
505799;52;1;354;12;28/06/2021;26.934;1;1029;0;1;0
505800;46;0;590.3;9;11/01/2021;44.526;2;838;2;0;0
505801;58;1;349.8;9;2/05/2021;31.124;1;743;0;0;0
505802;27;1;144.6;3;30/05/2021;37.47;0;1027;0;0;0
505803;18;1;41.2;3;7/06/2021;18.885;1;597;0;0;0
505804;31;0;71.2;5;21/07/2021;11.614;1;618;3;0;0
505805;43;0;234.9;4;12/10/2021;62.401;0;881;0;0;0
;;;;;;;;;;;
;;;;;;;;;;;
;;;;;;;;;;;
;;;;;;;;;;;
;;;;;;;;;;;
;;;;;;;;;;;
;;;272.8;3;7/08/2021;76.844;2;583;2;1;0
505813;55;0;;;;41.736;1;593;1;0;0
505814;37;1;52.4;4;30/11/2021;;;1052;0;1;0
505815;29;1;452.6;9;25/06/2021;44.29;1;;;1;0
505816;29;1;101.8;3;12/11/2021;36.237;1;829;0;;
505817;28;1;42.5;2;7/09/2021;29.062;2;1023;0;0;0
505818;27;1;214.1;4;2/05/2021;40.782;1;878;0;1;1
505819;21;0;751.6;10;25/03/2021;79.198;0;644;0;1;0
505820;18;1;330.3;7;29/09/2021;41.51;1;577;1;1;1
505821;34;1;559;10;1/05/2021;64.872;2;1117;0;1;1
505822;29;1;408.8;12;1/04/2021;42.441;1;593;0;1;0
505823;49;0;119.4;3;6/12/2021;41.808;1;620;3;1;0
505824;40;1;158.1;3;26/06/2021;45.883;0;787;3;0;0
505825;39;0;55.8;1;18/01/2021;33.558;2;741;0;0;1
505826;27;0;95.1;4;30/06/2021;18.468;1;823;3;0;0
505827;35;1;251;4;18/06/2021;71.894;0;516;0;0;0
505828;40;1;24.2;2;12/11/2021;17.662;1;742;0;0;0
505829;45;0;281.2;7;17/09/2021;39.897;1;842;3;0;0
505830;35;0;574.4;7;11/03/2021;80.928;1;883;1;1;0
505831;49;1;52.9;1;24/02/2021;41.347;1;637;2;0;0
505832;36;0;604.3;9;9/08/2021;52.646;1;596;0;1;1
505833;46;0;55.4;1;18/01/2021;47.356;2;818;0;1;0
505834;30;1;150.3;2;27/04/2021;59.268;1;544;0;0;0
505835;18;1;113.3;2;20/02/2021;59.547;2;951;3;0;0
505836;39;0;24;1;8/01/2021;21.075;1;808;0;0;1
505837;45;1;148.3;2;2/12/2021;75.02;1;655;0;1;1
505838;43;0;295.1;5;2/02/2021;38.937;1;590;0;1;1
505839;41;0;269.1;10;4/01/2021;25.417;1;646;1;0;0
505840;32;1;350.3;17;7/12/2021;21.59;1;499;0;1;0
505841;26;1;49;1;10/03/2021;45.289;0;829;2;1;1
505842;43;0;598.2;15;26/10/2021;27.237;2;635;0;0;0
505843;41;0;88.9;2;12/01/2021;36.239;1;852;0;1;0
505844;29;0;78;2;26/02/2021;34.977;1;877;0;0;0
505845;49;0;122;3;10/02/2021;41.136;2;954;0;0;0
505846;25;0;646.7;15;15/09/2021;60.165;1;805;1;1;1
505847;29;0;313.5;4;15/08/2021;58.298;2;943;2;0;0
505848;56;1;943;11;23/06/2021;69.477;2;1029;0;1;1
505849;46;0;379.6;9;30/03/2021;71.408;1;826;0;1;0
505850;32;1;31.9;1;2/02/2021;30.305;1;837;0;0;0
505851;39;1;184.2;6;27/07/2021;28.372;1;620;3;1;1
505852;38;1;333.2;11;26/03/2021;38.768;2;542;3;0;1
505853;18;1;63.1;2;4/08/2021;30.743;2;971;2;0;1
505854;25;0;90.8;6;8/09/2021;19.391;0;889;0;0;0
505855;35;0;177.2;7;7/11/2021;31.18;1;904;0;1;0
505856;32;1;71.6;2;30/06/2021;47.69;2;604;4;1;0
505857;39;0;293.3;5;2/01/2021;60.346;1;1072;0;0;0
505858;50;0;211.4;6;13/04/2021;35.248;1;719;1;0;0
505859;32;0;285.6;7;8/11/2021;55.225;1;576;3;1;0
505860;23;1;53.2;2;14/07/2021;34.402;1;637;2;1;0
505861;40;0;54.9;5;14/08/2021;12.221;1;1043;1;0;0
505862;32;0;330.7;19;17/06/2021;18.98;1;580;0;0;0
505863;34;0;201.7;6;1/03/2021;40.783;1;585;3;0;0
505864;32;1;233.8;13;24/11/2021;15.495;2;1302;0;0;0
505865;63;0;327.7;19;10/10/2021;19.176;0;889;3;0;0
505866;18;1;52.2;3;30/12/2021;16.742;1;648;0;1;0
505867;31;1;241.9;7;9/11/2021;31.204;0;545;2;1;0
505868;36;0;40.3;1;17/04/2021;37.769;1;419;3;0;0
505869;27;0;226.2;12;3/04/2021;16.539;2;777;1;1;0
505870;47;1;157.9;3;1/04/2021;50.627;1;911;0;0;0
505871;46;1;37.1;1;2/12/2021;35.245;1;1053;0;1;0
505872;35;0;107.2;7;23/07/2021;18.912;2;399;2;0;0
505873;33;0;182;4;15/06/2021;36.311;1;521;1;0;0
505874;35;0;181.4;11;20/12/2021;24.888;1;758;0;0;0
505875;35;0;69.4;3;9/08/2021;23.987;1;1222;3;0;0
505876;35;0;48.8;3;28/11/2021;22.735;0;879;3;1;1
505877;34;0;120.9;4;26/12/2021;33.655;1;787;3;1;0
505878;39;0;44.7;2;29/01/2021;31.863;1;540;1;0;0
505879;45;1;80.2;3;12/05/2021;32.036;1;328;4;0;0
505880;21;1;161;7;25/09/2021;30.44;0;727;3;1;0
505881;23;1;40.3;1;24/10/2021;38.285;1;762;0;1;0
505882;18;1;616.4;17;24/02/2021;35.417;1;662;4;1;1
505883;46;1;61.3;5;27/04/2021;14.73;2;712;0;1;0
505884;39;0;94.2;3;20/07/2021;33.193;1;585;3;1;0
505885;42;1;193.2;8;19/10/2021;22.169;0;564;2;0;0
505886;19;0;300.2;5;11/02/2021;56.171;2;1010;1;1;0
505887;57;0;46.1;1;8/08/2021;43.65;1;620;0;0;0
505888;29;1;56.5;1;19/04/2021;53.675;2;730;0;1;0
505889;38;1;74;3;20/03/2021;27.34;0;773;0;1;0
505890;46;0;171.8;3;8/07/2021;54.871;2;887;1;0;0
505891;24;1;375.4;14;1/06/2021;20.703;2;587;2;0;0
505892;29;0;35.8;1;21/08/2021;34.01;1;956;0;0;0
505893;38;0;408.1;16;26/04/2021;23.214;0;676;0;1;0
505894;70;0;74.6;2;28/10/2021;56.701;1;731;1;0;1
505895;40;0;664;10;29/01/2021;75.882;1;1076;0;1;0
505896;55;1;318.3;8;11/11/2021;42.169;2;606;0;0;0
505897;50;0;89;5;11/01/2021;18.383;0;910;0;0;0
505898;40;0;89.5;4;26/09/2021;26.315;0;941;1;0;0
505899;24;1;2438.1;13;7/05/2021;141.348;1;816;1;1;0
505900;49;1;175.7;3;20/05/2021;51.067;1;719;2;0;0
505901;18;0;29.6;1;7/01/2021;27.707;0;1163;0;1;1
505902;55;0;507.1;6;14/09/2021;62.089;1;778;0;1;1
505903;38;0;90.6;3;2/03/2021;36.25;1;777;2;1;0
505904;18;0;113.3;1;29/08/2021;107.635;1;649;4;0;0
505905;32;1;258;7;22/09/2021;36.12;1;807;0;1;0
505906;44;1;78.9;3;5/11/2021;30.571;1;914;2;0;0
505907;33;0;145.8;4;16/09/2021;33.201;1;690;2;0;0
505908;45;0;108.4;4;21/04/2021;29.357;1;340;3;1;0
505909;26;0;109.6;4;27/09/2021;25.364;0;872;0;0;0
505910;20;1;31.8;2;29/10/2021;20.042;0;586;0;1;0
505911;35;0;220.2;5;26/04/2021;28.205;0;914;0;0;0
505912;36;0;51.4;1;15/02/2021;48.481;2;740;2;0;0
505913;32;1;130.3;3;21/11/2021;30.557;1;910;2;1;0
505914;51;1;78.9;4;23/02/2021;27.81;1;609;0;0;0
505915;26;0;150.1;5;5/08/2021;19.273;1;684;0;0;0
505916;40;0;138.8;3;28/03/2021;48.055;1;719;0;1;0
505917;37;0;413.8;6;15/02/2021;73.651;1;493;1;0;0
505918;18;1;23.3;2;11/10/2021;22.024;1;920;3;0;0
505919;20;0;142.4;8;22/02/2021;24.959;0;487;0;0;0
505920;36;0;36.8;2;2/09/2021;23.584;2;958;1;0;0
505921;60;1;117.2;3;10/09/2021;52.105;2;856;0;0;0
505922;43;0;62.8;1;22/01/2021;54.255;1;684;3;1;0
505923;18;0;123.8;4;5/03/2021;34.91;0;802;2;0;0
505924;18;1;38.5;2;17/10/2021;19.476;1;837;0;0;0
505925;45;0;318.9;7;5/07/2021;43.828;1;688;1;0;0
505926;35;1;124.7;7;14/02/2021;45.466;2;794;2;1;1
505927;50;1;111.8;3;28/12/2021;40.633;2;852;3;0;0
505928;25;0;110.7;3;7/04/2021;22.312;1;590;1;1;0
505929;40;1;82.2;3;2/01/2021;21.22;2;842;0;0;0
505930;46;1;137.8;7;4/12/2021;17.711;2;287;1;0;0
505931;31;1;122.6;2;7/01/2021;59.968;2;413;1;0;0
505932;31;1;336.4;4;21/07/2021;59.643;0;882;0;0;0
505933;36;0;58.1;3;29/12/2021;16.895;2;635;4;0;0
505934;43;0;69.7;3;30/07/2021;24.442;1;626;0;0;0
505935;36;1;51.4;2;2/08/2021;23.762;2;710;3;1;0
505936;48;0;197.2;3;22/05/2021;54.274;1;709;0;0;0
505937;30;0;49.3;1;16/02/2021;36.391;2;602;0;0;0
505938;20;0;97.3;2;29/07/2021;76.605;1;485;0;0;1
505939;60;0;230.7;7;24/11/2021;32.253;1;406;1;0;0
505940;29;1;47.3;2;3/02/2021;18.769;0;873;2;0;0
505941;29;1;128.9;6;18/11/2021;25.128;1;704;0;0;0
505942;35;1;87.6;4;1/06/2021;23.237;1;955;0;0;0
505943;37;0;487.8;6;15/07/2021;54.497;1;642;3;0;0
505944;31;0;444.8;5;2/03/2021;84.804;0;824;1;0;0
505945;36;1;250.6;7;15/08/2021;43.641;1;757;0;0;0
505946;36;0;137.5;8;8/03/2021;24.809;1;728;3;0;0
505947;38;1;113.4;3;10/04/2021;39.284;2;797;0;0;0
505948;18;1;149.9;11;21/09/2021;15.954;1;700;0;0;0
505949;59;0;491.4;11;19/01/2021;32.939;2;559;0;0;0
505950;34;0;110.7;8;13/06/2021;16.81;2;898;1;0;0
505951;43;1;322.8;6;6/08/2021;43.457;1;1067;0;1;0
505952;19;0;58.9;2;18/02/2021;29.924;1;1019;3;0;0
505953;30;1;804.5;18;18/04/2021;50.614;2;680;0;0;0
505954;28;1;315;7;6/05/2021;48.872;1;578;4;1;0
505955;54;0;76.1;2;31/08/2021;28.081;2;680;0;0;0
505956;29;1;266.6;4;23/12/2021;55.258;2;748;0;0;0
505957;45;0;110.8;5;2/11/2021;21.161;0;771;0;1;0
505958;28;0;195;2;11/03/2021;114.577;1;600;0;1;0
505959;31;1;228.2;10;7/01/2021;19.148;2;514;0;1;0
505960;33;1;245;5;19/01/2021;47.969;1;749;2;0;0
505961;51;1;165.6;3;6/08/2021;61.825;0;180;2;0;0
505962;18;1;173.9;6;27/02/2021;36.778;1;742;1;0;0
505963;20;1;143.8;8;26/03/2021;20.888;1;610;0;1;0
505964;18;0;52.3;3;6/11/2021;22.999;1;880;2;0;0
505965;23;0;124.9;7;15/11/2021;22.095;2;969;0;0;0
505966;26;0;277.8;4;3/11/2021;35.619;0;953;1;1;0
505967;18;0;60.8;2;3/04/2021;48.437;1;698;1;1;0
505968;27;0;161.8;3;15/08/2021;43.511;0;576;0;0;0
505969;18;1;38.3;1;11/08/2021;34.091;1;633;0;0;0
505970;24;0;218.2;18;9/03/2021;18.109;0;772;3;1;0
505971;50;1;284.3;3;22/07/2021;77.511;1;484;0;1;0
505972;41;1;110.6;2;11/07/2021;32.995;2;1011;1;1;0
505973;38;1;369.8;13;25/05/2021;28.612;0;660;3;1;0
505974;24;0;293;6;2/10/2021;38.828;1;870;0;1;0
505975;18;1;106.1;7;5/09/2021;15.766;2;459;0;0;0
505976;22;1;179.3;5;14/07/2021;32.393;2;613;0;0;0
505977;35;0;81.9;4;22/09/2021;35.261;1;397;2;1;1
505978;46;0;166.8;5;6/10/2021;33.376;1;964;0;1;0
505979;47;0;688.2;11;26/07/2021;62.433;1;751;0;0;0
505980;44;1;53.5;3;8/04/2021;19.941;1;883;0;0;0
505981;27;1;148.6;3;4/10/2021;34.396;1;721;4;0;0
505982;36;0;152.4;6;19/09/2021;25.728;1;804;3;1;0
505983;32;1;218;7;25/12/2021;32.396;0;699;1;0;0
505984;34;0;89.9;2;24/02/2021;49.363;2;683;3;1;0
505985;60;0;342.2;11;3/06/2021;34.703;1;743;1;0;0
505986;18;1;384.6;14;4/12/2021;28.504;1;793;3;0;0
505987;33;1;22.6;2;7/07/2021;12.16;1;858;0;0;0
505988;51;1;120.2;2;11/12/2021;58.26;1;1286;0;0;1
505989;18;0;35.7;2;5/01/2021;15.536;2;1023;3;1;0
505990;28;0;40.7;1;13/01/2021;28.318;0;460;0;0;0
505991;30;0;42.6;2;18/10/2021;23.806;1;754;0;1;0
505992;33;0;12.9;1;11/05/2021;12.255;1;667;2;1;0
505993;18;0;375.8;10;9/07/2021;36.104;2;990;1;0;0
505994;43;1;159.2;5;6/06/2021;34.388;0;723;0;0;1
505995;44;1;175.6;3;29/05/2021;49.916;2;864;0;0;1
505996;42;0;398.5;12;9/12/2021;53.171;0;359;0;0;1
505997;26;0;407.6;9;4/02/2021;46.162;2;508;0;0;0
505998;37;0;117.4;2;9/10/2021;43.97;0;1157;0;0;0
505999;25;0;490.8;9;21/11/2021;43.694;0;789;0;1;0
506000;32;1;141.5;2;28/08/2021;52.709;2;560;2;1;0
506001;62;0;116.3;3;25/05/2021;42.366;2;824;0;1;0
506002;37;1;116.6;5;28/02/2021;45.075;1;590;0;1;1
506003;22;0;401.6;12;7/09/2021;31.456;1;709;1;1;0
506004;38;0;706.7;16;21/06/2021;39.305;1;519;0;1;0
506005;20;1;71.2;2;24/02/2021;42.013;2;638;0;0;0
506006;22;0;181.2;4;12/05/2021;41.466;2;705;0;1;0
506007;24;0;320.2;9;17/12/2021;38.289;2;962;1;1;1
506008;31;1;95.2;1;7/04/2021;90.44;2;864;0;1;0
506009;47;0;92.9;1;7/03/2021;71.808;1;895;0;0;0
506010;43;0;124.3;7;6/09/2021;28.93;1;755;1;1;1
506011;42;0;407.7;10;14/03/2021;34.169;2;888;2;0;0
506012;23;0;176.7;3;2/12/2021;73.701;1;603;1;0;0
506013;30;1;23.8;1;10/11/2021;22.61;2;588;3;0;0
506014;39;0;41.9;2;25/12/2021;20.466;1;833;1;0;0
506015;28;1;376.1;3;30/11/2021;132.533;1;730;0;0;1
506016;33;1;110.6;3;30/03/2021;28.118;1;778;0;0;0
506017;41;0;17.4;1;19/03/2021;14.102;1;750;0;0;0
506018;32;0;104.4;5;6/05/2021;28.419;1;1006;0;1;1
506019;39;0;58.5;2;21/06/2021;28.856;2;1015;0;1;0
506020;55;0;180.8;3;18/11/2021;51.878;1;667;0;1;0
506021;34;0;217.8;5;25/09/2021;43.045;1;443;1;1;1
506022;50;1;70.2;3;24/08/2021;21.844;1;632;1;1;1
506023;43;0;9.8;1;17/11/2021;9.31;1;619;0;0;0
506024;18;0;215.7;4;24/08/2021;49.467;1;930;0;0;1
506025;23;1;43.7;1;19/05/2021;35.945;1;946;0;0;0
506026;26;1;65.8;1;31/05/2021;60.186;1;594;0;0;0
506027;26;0;99.6;4;8/07/2021;26.262;0;644;0;1;0
506028;35;0;46.7;1;2/02/2021;30.939;0;514;0;0;0
506029;43;1;76.1;3;28/09/2021;27.398;2;804;0;1;0
506030;51;0;153.2;7;27/08/2021;27.299;1;702;4;0;0
506031;40;1;43.9;1;24/09/2021;41.496;2;922;0;0;0
506032;31;1;121;4;14/07/2021;28.987;0;849;1;0;0
506033;18;0;72;5;13/10/2021;15.542;2;890;0;0;0
506034;37;0;322.3;6;13/12/2021;72.287;1;502;0;1;1
506035;36;0;262.4;7;28/07/2021;38.542;1;667;0;1;0
506036;38;0;361.7;6;12/06/2021;45.534;1;891;3;0;0
506037;61;0;184.6;4;8/02/2021;64.846;1;683;0;1;0
506038;51;1;34.3;1;12/10/2021;32.585;1;487;0;0;0
506039;45;1;78;3;26/11/2021;38.156;2;855;4;0;1
506040;24;1;22;1;13/09/2021;20.9;1;676;0;0;0
506041;30;1;643.9;19;12/11/2021;51.353;0;971;0;0;0
506042;35;1;265.6;15;11/11/2021;17.702;1;757;1;1;0
506043;27;0;46.3;1;19/10/2021;43.881;1;730;0;1;1
506044;42;0;221.2;5;3/07/2021;42.83;1;965;3;0;0
506045;40;1;55.8;3;6/02/2021;19.293;1;546;0;1;0
506046;23;1;933;14;2/01/2021;59.612;1;998;2;1;0
506047;50;0;17.3;2;16/03/2021;14.744;0;665;0;0;0
506048;37;1;90.5;7;7/06/2021;22.439;1;769;2;0;1
506049;18;0;115.8;4;29/09/2021;32.085;0;771;2;0;0
506050;35;0;93.9;2;16/06/2021;47.273;1;663;2;0;0
506051;39;1;71;3;9/01/2021;18.533;1;603;2;0;0
506052;48;0;195.1;4;18/03/2021;50.922;2;693;1;0;0
506053;32;1;123.3;3;24/12/2021;50.566;0;597;0;0;0
506054;46;1;360.1;9;27/12/2021;30.176;1;1133;0;1;0
506055;38;1;126.6;4;18/05/2021;37.12;1;693;0;0;0
506056;20;0;501.9;13;21/10/2021;56.234;1;989;0;1;0
506057;19;1;286.9;4;20/09/2021;66.078;0;965;0;0;0
506058;49;0;58.5;2;6/12/2021;29.15;1;825;1;0;0
506059;50;1;250;8;20/11/2021;25.275;1;736;1;0;0
506060;40;0;125.1;5;18/08/2021;32.574;2;745;4;0;0
506061;54;1;26.7;1;25/05/2021;25.365;1;883;0;1;1
506062;49;1;104.6;2;17/08/2021;62.036;1;758;2;0;0
506063;44;0;47.3;1;27/04/2021;44.483;1;478;1;0;0
506064;25;0;322.1;11;8/05/2021;34.935;1;383;4;1;0
506065;57;0;527.6;9;11/08/2021;58.432;1;1012;2;0;0
506066;42;1;462.7;7;28/07/2021;49.567;2;306;0;1;0
506067;31;1;220.5;4;1/08/2021;54.262;2;815;0;1;0
506068;28;1;361.1;9;21/05/2021;43.582;0;678;3;0;0
506069;39;1;672.5;7;30/05/2021;67.496;2;789;1;1;0
506070;18;0;34;2;4/01/2021;17.586;1;535;2;1;0
506071;44;1;275.9;6;8/08/2021;43.389;1;803;2;1;0
506072;25;0;804.8;9;30/07/2021;72.401;0;797;1;0;0
506073;40;1;284.2;10;8/12/2021;29.736;1;1237;2;1;0
506074;30;0;178.1;7;4/07/2021;26.247;1;743;3;1;0
506075;33;1;111.3;4;20/06/2021;28.755;2;963;3;0;0
506076;27;0;227.2;6;25/01/2021;35.032;1;510;0;0;0
506077;34;0;104.1;1;13/03/2021;56.924;1;964;0;1;0
506078;59;0;145;3;4/05/2021;36.145;1;821;0;1;0
506079;53;1;154.7;2;18/05/2021;60.01;2;829;0;0;0
506080;40;0;52.5;1;13/05/2021;49.875;2;791;2;1;1
506081;36;0;329.1;7;24/05/2021;52.288;1;1047;2;0;0
506082;46;0;212.8;5;8/10/2021;36.849;1;826;0;0;0
506083;50;0;222.9;11;17/02/2021;32.315;1;639;0;1;0
506084;26;1;47.3;3;2/05/2021;19.247;1;669;0;0;0
506085;35;1;15.5;1;1/03/2021;11.485;2;887;2;0;0
506086;18;1;332.9;9;23/04/2021;28.423;1;841;1;1;0
506087;49;1;136.5;11;7/09/2021;11.565;0;505;0;0;0
506088;61;0;563;13;18/01/2021;40.012;1;873;0;0;1
506089;37;0;416.4;5;4/05/2021;48.071;1;565;1;0;0
506090;18;1;157.8;5;9/01/2021;33.605;1;859;0;0;0
506091;43;1;82.2;5;15/12/2021;9.614;1;595;2;0;0
506092;25;0;379.1;12;23/09/2021;28.047;2;669;3;0;0
506093;28;1;177.2;4;30/03/2021;51.143;2;682;0;1;1
506094;44;0;830.4;9;14/03/2021;72.282;1;1053;0;1;1
506095;39;0;108.5;3;6/02/2021;43.873;1;852;0;1;0
506096;30;0;41.3;1;22/06/2021;39.235;2;1007;0;0;1
506097;28;1;162.2;4;3/10/2021;42.808;1;1301;0;0;0
506098;38;1;354.2;3;2/08/2021;79.462;0;788;0;1;0
506099;31;1;255.4;8;18/11/2021;35.078;2;1050;0;1;0
506100;23;1;81.7;5;6/05/2021;17.391;1;614;2;1;0
506101;32;1;28.9;1;12/04/2021;27.455;0;1006;0;0;0
506102;40;0;75.8;5;24/06/2021;24.27;1;595;2;1;0
506103;34;1;58.9;2;15/03/2021;23.934;1;777;0;1;1
506104;19;0;28.5;1;23/12/2021;27.06;1;877;0;0;1
506105;48;0;668.4;6;9/03/2021;123.508;1;905;0;1;0
506106;18;0;127.7;5;24/06/2021;20.774;2;551;0;0;0
506107;31;0;130.4;5;10/07/2021;27.591;0;624;0;0;0
506108;29;1;651.5;5;21/01/2021;119.066;0;850;2;0;0
506109;38;0;243;7;20/06/2021;43.337;2;654;3;1;0
506110;43;0;239.4;7;15/06/2021;40.274;0;528;0;1;0
506111;50;1;203.1;4;5/04/2021;53.267;2;767;0;0;1
506112;27;1;39.8;1;16/02/2021;37.512;1;759;0;1;0
506113;43;0;36.8;2;17/01/2021;27.36;1;772;2;0;0
506114;38;0;170.5;3;4/01/2021;39.781;1;875;0;1;0
506115;18;0;88;3;25/06/2021;41.851;1;864;0;1;0
506116;59;1;159.1;8;2/02/2021;16.06;1;582;3;1;0
506117;19;1;309.7;12;17/12/2021;30.19;2;646;3;1;1
506118;41;0;21.6;1;31/03/2021;16.333;1;927;1;0;0
506119;41;1;92.9;4;27/08/2021;22.928;2;682;0;0;0
506120;39;1;211.6;5;3/09/2021;43.47;1;709;0;1;0
506121;30;1;191.2;6;30/06/2021;28.316;0;509;0;1;0
506122;46;0;131;4;19/11/2021;32.419;2;755;1;0;0
506123;18;1;139.1;14;10/02/2021;9.397;1;802;2;1;0
506124;35;1;91.5;5;27/03/2021;18.712;0;424;0;0;0
506125;29;0;77.6;3;3/04/2021;22.558;0;527;3;0;1
506126;28;0;80.8;6;19/02/2021;15.872;2;524;0;0;0
506127;41;0;164.5;3;18/04/2021;43.33;0;882;2;1;1
506128;49;0;282.7;7;25/04/2021;36.756;1;436;0;1;0
506129;32;1;694.3;10;7/10/2021;56.261;2;766;0;1;1
506130;45;1;169.8;3;21/04/2021;76.599;1;909;0;1;1
506131;37;0;109.2;1;16/11/2021;66.21;2;794;1;0;0
506132;25;1;191.8;4;10/10/2021;41.038;0;701;0;0;0
506133;33;0;717;11;26/11/2021;45.649;1;842;0;0;1
506134;32;1;40.3;1;8/02/2021;38.285;0;927;2;0;0
506135;28;0;24;1;26/12/2021;22.621;1;741;1;1;0
506136;41;1;195.6;5;13/08/2021;40.33;2;357;1;1;0
506137;39;1;139;4;25/12/2021;28.317;2;967;1;1;0
506138;18;1;402.4;15;10/05/2021;19.503;0;832;1;0;0
506139;18;1;27.6;2;14/12/2021;17.003;1;754;1;1;1
506140;41;0;31;2;3/08/2021;11.76;1;424;0;1;0
506141;26;1;108.2;3;27/01/2021;34.963;1;726;0;0;1
506142;40;1;32.8;1;30/05/2021;25.751;1;622;0;1;0
506143;45;0;26.4;1;20/02/2021;25.08;2;561;0;1;0
506144;21;1;98.3;6;10/12/2021;19.754;2;755;0;0;0
506145;19;0;243.2;13;22/04/2021;25.803;0;684;0;1;0
506146;56;0;23;1;23/03/2021;21.85;2;695;0;0;0
506147;40;1;367.2;8;21/07/2021;35.748;1;873;2;0;0
506148;31;0;205.9;3;5/06/2021;49.731;1;806;1;0;0
506149;25;0;218.6;9;5/02/2021;28.65;1;671;1;0;0
506150;30;0;62;1;26/10/2021;55.401;1;608;3;1;0
506151;22;1;156.8;6;5/11/2021;23.439;1;698;0;0;0
506152;47;1;29.4;3;29/09/2021;15.121;0;735;0;1;0
506153;27;0;279.1;4;14/08/2021;64.6;1;885;0;1;0
506154;49;1;54.5;6;27/05/2021;14.362;0;592;0;1;0
506155;31;1;79.5;3;17/07/2021;27.197;2;1043;0;0;0
506156;23;1;50.1;1;10/07/2021;47.595;1;845;2;0;0
506157;31;1;212.7;3;2/03/2021;61.122;1;287;0;0;0
506158;18;1;184.8;5;30/01/2021;30.905;1;795;0;0;0
506159;35;0;305.4;8;3/04/2021;27.039;1;967;0;0;0
506160;34;0;95.5;1;15/06/2021;90.04;2;850;0;1;0
506161;46;1;422.7;7;28/02/2021;55.608;1;686;1;1;0
506162;18;0;133.7;3;8/02/2021;55.037;1;749;1;0;0
506163;50;0;338.3;9;7/11/2021;43.734;1;772;2;0;0
506164;46;0;338.8;8;17/05/2021;48.254;1;899;1;1;0
506165;51;0;391.9;10;2/08/2021;40.474;2;525;0;1;0
506166;35;1;328.8;6;11/07/2021;32.981;1;671;0;1;0
506167;48;0;16.5;1;26/09/2021;15.675;1;1055;1;0;0
506168;18;1;294.7;11;28/09/2021;20.707;0;786;0;1;1
506169;45;1;454.1;8;19/04/2021;48.882;1;1055;0;0;0
506170;27;0;441.7;6;6/11/2021;60.088;1;1317;0;1;0
506171;18;0;192.8;5;16/05/2021;36.767;0;671;1;0;0
506172;23;0;152.2;7;1/11/2021;24.693;2;564;0;1;1
506173;36;0;160;4;28/05/2021;38.303;1;662;4;0;0
506174;26;0;136.3;4;10/02/2021;41.474;2;978;0;1;0
506175;41;1;215.4;16;5/10/2021;17.437;0;1003;0;1;1
506176;18;0;521.7;8;12/01/2021;65.32;1;1189;0;1;0
506177;18;0;151;3;9/10/2021;48.986;1;773;0;0;0
506178;52;0;42.6;3;16/01/2021;26.523;1;868;0;1;1
506179;47;0;192.1;7;17/03/2021;35.385;1;632;1;0;0
506180;23;0;70.1;2;9/08/2021;30.118;1;329;0;1;0
506181;36;1;75.3;1;10/12/2021;62.477;1;773;0;0;0
506182;48;0;148.5;8;30/05/2021;27.902;1;572;0;0;0
506183;41;1;64;3;14/02/2021;20.405;1;896;0;1;0
506184;38;1;79.6;1;27/03/2021;36.128;2;381;3;0;1
506185;49;1;119.7;4;24/11/2021;22.506;0;647;0;1;0
506186;27;1;118.4;3;23/09/2021;52.892;1;788;2;0;0
506187;36;0;110;3;6/02/2021;39.803;2;847;0;1;1
506188;36;1;129.3;6;21/05/2021;20.466;1;771;0;0;0
506189;33;0;25.4;1;7/04/2021;24.13;1;1076;2;1;0
506190;31;1;217.9;6;6/03/2021;28.288;0;1063;0;0;0
506191;37;0;276.3;7;5/11/2021;29.635;0;617;2;0;0
506192;36;1;17.2;1;14/08/2021;16.34;1;1070;0;0;0
506193;23;1;241.3;10;7/03/2021;20.581;1;1097;0;1;0
506194;46;1;98.4;3;26/08/2021;39.182;1;698;3;0;0
506195;24;0;480.1;8;31/05/2021;61.765;1;788;0;0;0
506196;33;1;82.2;2;23/01/2021;27.504;0;701;4;0;0
506197;32;1;222.8;8;14/06/2021;35.096;1;604;3;1;0
506198;40;0;1098.4;9;9/03/2021;99.169;1;682;0;0;0
506199;18;0;106.5;4;31/03/2021;36.736;0;1017;0;0;0
506200;47;0;15.3;1;17/11/2021;14.535;2;819;2;0;0
506201;28;0;302.6;8;17/09/2021;44.673;1;680;0;0;0
506202;51;1;64.6;2;18/02/2021;40.155;1;593;1;0;0
506203;30;0;29.7;1;7/11/2021;28.215;1;644;0;1;0
506204;35;1;22.1;1;29/07/2021;20.825;2;751;0;0;0
506205;59;1;68.8;2;16/11/2021;61.924;1;944;0;1;1
506206;33;1;11;1;30/09/2021;10.419;2;605;1;0;0
506207;51;1;375.8;15;4/05/2021;34.422;1;922;1;1;1
506208;36;1;148.8;5;15/07/2021;30.125;1;795;1;0;0
506209;41;0;70.5;2;13/07/2021;25.235;1;806;0;0;0
506210;37;0;391.9;10;20/09/2021;37.972;1;965;0;1;1
506211;46;1;22.1;1;1/04/2021;20.391;2;932;0;1;0
506212;28;1;111.9;3;2/05/2021;44.533;2;527;0;1;0
506213;24;0;1013.8;7;31/03/2021;129.196;1;585;0;1;0
506214;28;1;109.4;4;19/04/2021;23.581;1;719;1;0;0
506215;37;1;107.2;3;28/02/2021;41.861;1;844;0;1;0
506216;33;0;145.8;3;14/01/2021;37.348;1;1026;0;0;0
506217;45;1;146.9;4;10/12/2021;40.148;2;772;1;1;0
506218;52;1;133.9;5;28/01/2021;29.116;2;1087;0;1;0
506219;24;0;267.8;7;21/11/2021;35.043;0;583;4;0;0
506220;27;0;83.1;3;2/01/2021;38.4;1;683;0;1;0
506221;19;0;87;2;11/10/2021;55.525;2;725;0;1;1
506222;60;1;93.2;2;30/04/2021;48.497;1;573;3;0;0
506223;40;0;162.1;3;8/07/2021;63.505;1;969;1;0;0
506224;42;1;145.3;5;14/04/2021;27.918;0;241;2;1;1
506225;20;1;37.8;1;29/06/2021;35.91;2;689;0;0;0
506226;36;1;83.9;3;14/06/2021;32.597;1;987;0;0;0
506227;42;0;137.3;2;13/07/2021;58.698;2;704;1;1;1
506228;33;0;35.9;2;24/05/2021;19.948;0;973;0;1;1
506229;49;0;214.3;3;15/07/2021;60.113;1;1156;1;0;0
506230;64;0;142.5;3;29/10/2021;41.557;2;794;0;1;0
506231;25;0;92.6;1;8/06/2021;60.046;1;990;0;0;0
506232;24;0;252.7;8;12/05/2021;35.736;1;1215;0;0;0
506233;25;0;91.5;4;18/02/2021;31.604;1;812;2;0;0
506234;55;1;35.4;2;12/05/2021;26.768;0;771;0;0;0
506235;49;0;76.9;3;15/02/2021;30.008;0;872;4;0;0
506236;34;0;54.6;3;8/03/2021;14.039;1;993;0;0;0
506237;36;1;341.7;9;14/12/2021;32.505;1;773;0;0;0
506238;26;1;439.8;16;2/02/2021;31.061;2;693;0;1;1
506239;47;1;617.3;9;25/06/2021;45.087;2;1069;1;1;1
506240;31;1;90;5;1/11/2021;24.97;0;691;2;1;0
506241;33;0;104.3;2;14/12/2021;40.919;1;995;0;1;0
506242;43;1;299.8;10;23/02/2021;39.337;0;827;0;1;1
506243;34;1;48.4;2;1/03/2021;15.657;1;1089;1;1;0
506244;33;1;64.4;2;16/05/2021;35.693;1;627;0;1;0
506245;36;1;674.2;10;22/07/2021;51.594;1;607;1;1;0
506246;46;0;328.7;6;17/12/2021;61.954;2;914;1;1;1
506247;56;0;90.5;2;17/03/2021;24.093;0;577;0;0;0
506248;43;1;114.7;6;2/03/2021;18.082;1;781;1;1;0
506249;46;0;359.8;6;3/04/2021;59.956;2;1039;1;0;0
506250;34;0;320.2;7;16/11/2021;42.08;1;459;0;0;0
506251;28;0;80.6;3;11/01/2021;22.585;2;852;0;1;0
506252;44;0;537.5;15;19/05/2021;23.993;2;998;0;0;0
506253;38;0;250.7;5;13/02/2021;34.699;1;735;2;1;0
506254;19;0;52;1;27/02/2021;49.4;1;593;1;1;0
506255;32;1;112.3;4;1/12/2021;30.039;0;733;0;0;0
506256;35;0;122.1;8;1/01/2021;17.853;1;629;0;1;0
506257;30;0;35.8;2;28/04/2021;14.81;1;792;0;1;0
506258;54;0;64.6;3;1/12/2021;24.902;1;730;0;1;0
506259;42;1;356;9;10/08/2021;23.988;1;688;0;0;0
506260;52;1;52.8;3;27/01/2021;21.75;2;864;0;1;0
506261;39;1;69.2;1;19/06/2021;65.74;2;1064;0;0;0
506262;37;1;36.8;2;21/12/2021;17.6;2;819;1;1;0
506263;25;1;185;6;27/05/2021;25.522;0;1002;1;0;0
506264;36;1;572.4;8;12/07/2021;91.739;1;1064;0;0;0
506265;36;1;107.4;3;14/07/2021;28.76;1;654;1;0;1
506266;20;0;140.8;5;30/08/2021;32.967;0;829;0;1;0
506267;30;1;254.1;4;10/03/2021;74.602;2;704;0;1;1
506268;32;0;170.6;5;3/11/2021;33.145;1;443;4;1;0
506269;41;1;576.6;16;27/12/2021;41.598;1;844;0;1;0
506270;42;0;88.6;2;22/02/2021;29.434;2;591;0;0;1
506271;29;0;125.4;7;26/10/2021;27.13;1;867;0;1;1
506272;42;0;142.9;12;26/10/2021;17.282;2;480;1;0;0
506273;34;1;185.1;7;28/09/2021;31.744;1;811;0;1;0
506274;18;1;150.2;5;16/05/2021;44.778;2;437;3;1;1
506275;30;0;280.6;5;21/06/2021;83.632;2;901;0;0;0
506276;49;0;180.6;6;3/11/2021;28.244;2;709;0;0;0
506277;18;0;59.5;1;25/02/2021;56.525;2;692;0;1;0
506278;37;1;1046.9;19;30/10/2021;61.892;1;963;1;1;1
506279;55;0;136.9;6;3/12/2021;25.835;2;722;0;1;0
506280;27;0;968;20;6/09/2021;34.394;1;740;3;1;0
506281;36;1;201.6;8;5/05/2021;34.579;0;684;3;1;0
506282;20;1;119.1;6;24/07/2021;17.816;1;871;0;0;0
506283;56;1;190;6;19/01/2021;32.182;0;968;0;0;0
506284;35;1;100.9;5;7/12/2021;23.953;1;930;0;1;0
506285;37;1;34.2;1;5/05/2021;32.169;1;676;1;0;0
506286;52;0;490.7;13;21/01/2021;34.16;1;978;1;1;0
506287;44;0;233.5;10;17/10/2021;34.184;0;615;0;0;0
506288;25;1;80.9;3;29/08/2021;25.861;1;586;3;1;0
506289;28;0;109;5;16/08/2021;21.706;1;757;0;1;0
506290;42;1;132.5;7;20/01/2021;15.46;1;928;2;1;0
506291;29;0;116;2;2/10/2021;52.1;1;529;2;0;0
506292;18;0;50.6;1;21/08/2021;33.542;1;940;0;0;0
506293;35;0;292.3;4;17/10/2021;55.392;1;770;0;0;0
506294;18;1;351.1;12;29/10/2021;30.948;1;702;0;1;0
506295;55;1;257.9;5;19/03/2021;40.442;0;918;3;0;1
506296;38;0;194.9;6;18/03/2021;30.889;0;636;0;1;0
506297;25;0;303;8;4/12/2021;29.008;1;1151;2;1;0
506298;28;0;152.8;4;13/07/2021;38.856;2;748;0;0;0
506299;18;0;100.3;3;9/06/2021;33.792;1;807;0;0;1
506300;23;0;134.4;4;15/04/2021;52.23;1;998;3;0;0
506301;48;1;141.5;2;22/08/2021;67.16;0;812;0;0;0
506302;63;0;153.1;2;3/10/2021;65.941;1;974;1;0;0
506303;45;0;251.6;3;1/01/2021;72.105;1;428;0;0;0
506304;35;0;22.2;1;21/07/2021;20.876;1;700;0;0;0
506305;31;0;62.9;1;29/12/2021;59.755;1;851;0;0;0
506306;25;0;179;6;13/04/2021;36.396;2;975;0;0;0
506307;61;1;39.9;1;13/04/2021;37.905;2;899;1;0;0
506308;34;1;29.6;2;17/11/2021;25.314;1;902;0;1;0
506309;61;1;303.9;12;23/01/2021;30.419;1;971;0;0;0
506310;53;0;27.2;2;26/05/2021;13.362;2;866;0;0;0
506311;18;1;271.3;7;17/06/2021;43.556;2;374;1;1;0
506312;28;1;429.1;9;19/10/2021;31.284;0;1000;2;0;0
506313;28;1;270.5;10;17/02/2021;33.671;2;609;1;1;1
506314;35;1;65.8;1;8/06/2021;62.51;1;766;4;0;0
506315;35;0;137.5;6;25/02/2021;35.153;1;813;0;0;0
506316;72;1;111;6;15/10/2021;23.784;1;789;0;1;0
506317;23;1;171.2;4;19/08/2021;34.72;1;581;0;0;0
506318;39;1;273.3;4;1/07/2021;86.851;1;431;0;1;1
506319;43;1;343;10;24/05/2021;39.976;1;580;1;1;1
506320;36;1;180.6;4;25/02/2021;58.162;1;889;2;0;1
506321;37;0;30;1;3/12/2021;25.298;0;520;0;0;0
506322;23;1;188.3;6;25/08/2021;42.411;1;562;3;1;0
506323;37;1;231.6;7;27/04/2021;38.399;0;855;0;0;0
506324;42;1;79.4;2;1/06/2021;35.724;1;575;1;0;0
506325;40;1;189.9;7;23/09/2021;32.34;2;682;0;1;1
506326;43;0;77.3;4;20/09/2021;31.433;1;775;1;0;0
506327;53;0;45.2;3;18/06/2021;15.428;1;831;0;0;0
506328;47;0;110.4;10;21/04/2021;16.912;1;531;3;0;0
506329;37;1;132.3;8;29/08/2021;16.844;1;745;3;1;0
506330;22;1;123.6;6;29/08/2021;16.736;2;852;0;0;0
506331;29;1;55.4;2;7/08/2021;35.961;2;551;0;1;1
506332;33;1;255.2;7;27/01/2021;28.443;1;799;1;1;0
506333;39;1;602.8;22;22/06/2021;26.352;1;631;1;0;1
506334;30;0;73.4;1;13/08/2021;60.026;1;802;0;0;0
506335;25;1;329.6;16;13/12/2021;31.556;0;890;1;0;0
506336;22;1;180;4;11/07/2021;48.555;0;708;2;0;0
506337;18;1;20.3;1;6/05/2021;17.427;1;924;1;0;0
506338;33;1;73.1;2;22/07/2021;42.197;0;922;0;0;0
506339;18;1;66.9;2;6/03/2021;59.806;1;883;3;1;1
506340;24;0;372.9;7;3/02/2021;41.78;0;853;0;0;0
506341;31;1;74.7;2;5/09/2021;32.536;2;978;0;1;1
506342;20;1;340.5;8;26/12/2021;33.996;1;779;4;1;1
506343;41;0;325.8;13;5/11/2021;40.673;2;480;0;1;0
506344;45;0;364.1;10;2/08/2021;43.758;0;637;0;1;1
506345;29;0;108.5;2;15/01/2021;69.839;0;722;1;1;1
506346;31;0;23;1;27/12/2021;21.85;1;724;2;0;0
506347;42;1;166.6;3;14/06/2021;53.836;1;844;0;1;0
506348;27;0;170.5;4;16/04/2021;39.877;0;635;0;0;0
506349;27;0;105.6;3;22/11/2021;38.187;2;1142;0;0;0
506350;50;1;103.9;2;30/09/2021;38.903;1;762;0;1;1
506351;47;0;104.5;3;1/10/2021;58;1;779;0;0;0
506352;43;1;108.5;4;12/04/2021;26.805;1;659;0;0;1
506353;47;0;124.6;8;29/12/2021;23.676;1;539;3;1;1
506354;18;0;313.6;9;15/06/2021;34.227;0;737;1;1;0
506355;52;1;210;7;13/07/2021;30.2;2;745;2;0;1
506356;41;1;106.6;2;2/10/2021;38.65;2;704;3;0;0
506357;48;1;226.6;3;29/08/2021;81.962;1;1018;3;0;0
506358;41;1;228.5;6;4/03/2021;36.883;1;737;1;1;0
506359;37;0;45.2;2;21/04/2021;42.881;2;765;0;1;1
506360;33;1;193.5;2;12/05/2021;79.621;0;887;2;0;1
506361;40;0;300.8;6;12/12/2021;49.428;2;749;0;1;1
506362;32;0;183;3;18/09/2021;66.045;2;877;0;1;1
506363;46;0;164.6;5;14/05/2021;31.829;1;550;0;0;0
506364;18;1;108.9;4;26/09/2021;32.325;1;551;0;1;0
506365;30;0;96.1;4;27/09/2021;29.82;1;802;0;1;1
506366;61;0;286.2;8;24/05/2021;43.226;1;698;2;0;0
506367;28;0;655.4;19;28/05/2021;43.324;2;634;0;1;0
506368;33;1;200.3;4;23/11/2021;48.099;1;802;0;0;0
506369;25;0;120.1;2;25/07/2021;42.327;2;818;0;0;0
506370;40;0;483.6;17;24/02/2021;32.106;1;612;2;0;0
506371;27;0;230.1;5;20/09/2021;44.699;1;687;0;0;0
506372;34;1;322.8;5;4/08/2021;67.761;2;819;0;1;0
506373;46;0;212.8;6;5/07/2021;37.351;1;556;2;0;0
506374;28;1;209.5;12;22/09/2021;18.82;1;631;2;0;0
506375;45;0;34.1;1;28/11/2021;23.085;1;876;0;1;0
506376;46;0;159.4;4;1/05/2021;40.924;1;756;1;0;0
506377;49;0;244.4;8;3/06/2021;24.429;0;694;0;0;0
506378;38;0;293.6;11;11/03/2021;27.066;1;557;3;0;0
506379;75;0;222.4;5;25/08/2021;28.951;1;578;1;1;0
506380;49;0;254.6;4;27/05/2021;51.551;2;736;1;0;1
506381;40;1;523.4;6;5/05/2021;71.434;1;1145;0;0;0
506382;25;0;137.5;6;12/09/2021;21.13;1;862;1;1;1
506383;35;0;324.6;5;29/05/2021;55.461;1;540;0;0;0
506384;53;0;148.9;3;19/06/2021;56.017;2;907;0;1;0
506385;57;0;44.1;1;10/06/2021;41.453;1;623;1;0;0
506386;54;0;808.8;14;5/04/2021;32.171;1;739;2;1;0
506387;45;0;178.3;3;15/02/2021;56.991;1;674;0;0;1
506388;21;0;149.5;5;29/10/2021;39.302;2;1084;3;1;1
506389;42;0;118.6;5;3/02/2021;38.183;1;576;0;0;1
506390;21;1;39.9;3;29/04/2021;15.022;0;816;1;0;0
506391;18;1;153.1;5;1/09/2021;40.882;0;657;0;1;0
506392;39;1;718.7;10;17/02/2021;65.569;1;913;0;0;0
506393;42;0;18.6;1;28/08/2021;17.67;1;773;3;0;0
506394;47;1;232.6;14;25/09/2021;24.201;1;1006;0;0;0
506395;42;0;173;6;30/08/2021;27.47;0;849;3;0;0
506396;42;0;32.6;1;22/04/2021;30.852;1;655;0;0;0
506397;24;1;271.4;10;8/01/2021;25.838;0;1285;1;0;0
506398;35;0;92.2;1;20/11/2021;61.879;1;880;0;0;0
506399;18;0;367.6;4;30/04/2021;83.17;2;661;1;0;0
506400;18;1;763.6;18;21/10/2021;35.594;1;757;3;1;0
506401;45;1;166;5;14/03/2021;32.324;1;874;1;0;1
506402;27;0;209.1;9;1/03/2021;37.584;1;887;0;0;0
506403;46;0;85.8;7;12/10/2021;21.303;0;829;2;0;0
506404;49;0;37.2;1;10/12/2021;33.386;2;934;1;0;0
506405;29;1;317.6;6;11/11/2021;44.693;1;936;0;0;0
506406;43;0;107.4;2;2/10/2021;47.849;1;607;1;1;0
506407;28;0;246.6;5;1/04/2021;45.808;1;1139;1;0;0
506408;18;0;88.7;4;30/11/2021;26.337;0;1094;2;1;0
506409;37;1;408.9;10;1/09/2021;37.069;1;924;0;0;0
506410;30;1;37.2;1;4/03/2021;29.83;1;787;0;0;0
506411;31;0;133.6;3;17/02/2021;50.32;1;730;3;0;0
506412;60;1;46;1;14/11/2021;43.7;1;702;1;0;0
506413;18;0;149.2;3;11/04/2021;70.004;0;745;0;1;0
506414;41;1;233;8;7/10/2021;40.507;2;316;4;1;0
506415;24;0;128.1;6;20/02/2021;23.787;1;1055;0;1;0
506416;47;0;91.6;4;13/04/2021;24.797;2;992;0;0;1
506417;40;0;208.7;4;14/04/2021;36.801;1;438;2;0;0
506418;41;1;43;4;13/04/2021;12.492;1;920;1;1;0
506419;25;1;104.3;5;4/09/2021;28.244;1;719;3;1;0
506420;27;1;87.7;3;30/11/2021;27.408;1;724;1;0;0
506421;47;0;65.7;3;29/11/2021;25.084;1;869;0;0;0
506422;57;0;104.2;2;28/09/2021;38.324;1;466;0;0;0
506423;42;0;78.7;3;15/03/2021;21.917;1;778;0;0;0
506424;25;0;38.4;2;17/12/2021;16.639;1;734;3;1;0
506425;40;0;54.3;1;17/07/2021;51.585;1;794;0;0;1
506426;65;1;192.3;7;19/07/2021;34.3;2;534;0;1;1
506427;37;1;219.3;4;14/09/2021;45.768;2;860;0;1;1
506428;54;1;307.9;8;8/10/2021;44.248;1;971;0;1;1
506429;27;0;177.9;7;14/12/2021;44.302;0;853;0;0;0
506430;35;0;374.2;6;1/08/2021;45.634;0;719;1;1;1
506431;43;0;209.6;5;11/08/2021;45.353;1;1264;0;1;0
506432;41;0;246.9;3;30/09/2021;86.754;1;554;3;0;1
506433;27;1;87.2;2;4/04/2021;39.313;1;859;3;0;0
506434;26;1;56.1;1;23/04/2021;53.295;1;824;0;0;1
506435;48;0;249;5;17/08/2021;37.048;0;1102;2;0;0
506436;50;0;46.3;3;24/01/2021;17.26;1;850;0;1;1
506437;54;1;35.5;1;27/04/2021;33.725;2;888;0;1;0
506438;58;0;1458.8;12;20/09/2021;65.863;2;871;0;1;0
506439;38;1;170.1;6;23/12/2021;42.598;1;550;2;0;0
506440;32;1;29.8;1;9/07/2021;28.31;0;604;1;1;0
506441;52;1;294.7;6;26/05/2021;49.277;1;730;0;1;1
506442;45;0;25.9;1;10/06/2021;22.265;0;932;1;0;0
506443;24;1;665.4;8;8/09/2021;54.883;1;802;1;1;1
506444;24;1;89;3;18/07/2021;28.656;1;723;1;0;0
506445;42;0;171.9;6;9/01/2021;37.757;1;1027;0;0;0
506446;34;0;69.1;3;16/07/2021;21.673;1;383;2;1;0
506447;36;1;41.7;1;27/05/2021;39.309;0;527;1;0;0
506448;49;1;49.2;3;13/09/2021;12.221;2;331;0;0;0
506449;45;0;69.3;2;16/11/2021;29.061;0;957;2;0;0
506450;52;1;72.7;3;18/12/2021;25.526;1;763;0;1;0
506451;18;1;25.3;1;11/08/2021;24.035;1;934;1;0;0
506452;39;0;26.4;3;13/05/2021;9.06;2;740;1;0;1
506453;44;0;109.9;4;12/06/2021;25.628;2;964;0;0;0
506454;18;0;50.2;2;6/03/2021;37.335;1;757;0;0;0
506455;28;0;33.5;2;8/12/2021;23.835;0;834;1;0;0
506456;26;1;189.7;4;6/11/2021;42.15;1;787;2;1;0
506457;36;1;521.9;13;8/11/2021;51.283;1;801;2;1;0
506458;56;0;88.8;3;30/04/2021;41.867;1;1063;1;1;0
506459;60;1;370.2;8;28/04/2021;42.745;1;488;0;1;0
506460;26;0;58.2;2;9/11/2021;39.356;2;768;0;0;0
506461;42;0;407.9;10;18/07/2021;43.711;1;776;2;0;0
506462;43;0;31;1;15/09/2021;25.767;1;789;0;1;0
506463;41;1;54.2;3;28/06/2021;24.17;1;688;1;0;0
506464;41;1;143.3;5;11/06/2021;27.123;1;684;0;1;1
506465;40;1;664.9;11;19/08/2021;54.02;1;1055;0;0;1
506466;56;0;25.5;1;24/10/2021;24.225;2;747;1;1;0
506467;49;0;233.4;5;2/05/2021;32.042;1;1199;1;0;0
506468;23;0;168.3;7;23/10/2021;29.291;2;855;1;0;0
506469;46;1;376.7;9;31/03/2021;38.813;1;728;0;1;0
506470;47;0;606.1;17;28/05/2021;46.519;2;839;2;0;0
506471;40;1;899.5;24;30/11/2021;46.086;2;800;0;0;0
506472;50;1;89.9;4;15/12/2021;15.708;1;982;2;0;0
506473;38;0;63.5;1;4/12/2021;41.47;0;550;1;0;0
506474;38;0;171.9;4;26/04/2021;34.076;1;456;0;1;0
506475;37;0;203.2;6;4/11/2021;38.37;1;825;1;1;0
506476;18;1;70.2;3;8/12/2021;34.618;1;910;1;1;1
506477;35;1;25.6;1;24/12/2021;24.27;1;831;0;1;0
506478;28;0;401.5;7;8/01/2021;54.833;2;881;1;1;0
506479;22;1;31.6;1;29/09/2021;30.02;2;875;0;0;0
506480;53;0;62.8;1;30/12/2021;59.66;1;454;3;1;0
506481;42;0;283.6;7;7/10/2021;40.162;1;831;0;1;1
506482;36;1;272.5;10;27/03/2021;34.687;1;1017;0;0;0
506483;29;1;25.6;1;6/10/2021;24.32;0;771;2;1;0
506484;40;0;91.6;3;8/02/2021;34.549;2;544;0;1;0
506485;48;1;121.8;2;25/06/2021;54.335;0;650;4;0;0
506486;26;1;171.1;5;17/08/2021;38.058;1;880;0;1;1
506487;36;1;64.1;2;16/06/2021;38.265;1;1103;0;0;0
506488;46;1;157.9;3;13/09/2021;74.664;1;428;0;0;0
506489;18;0;187.3;6;29/03/2021;19.319;1;845;0;0;0
506490;35;0;155;8;10/08/2021;22.93;1;612;0;1;0
506491;31;1;47.7;1;24/08/2021;45.315;1;871;0;0;1
506492;34;0;108.2;5;20/08/2021;16.175;0;886;0;0;0
506493;30;0;126.7;3;16/04/2021;44.027;1;738;0;0;0
506494;38;0;369.3;12;22/04/2021;24.394;2;894;0;0;0
506495;59;0;92.1;3;5/04/2021;34.923;1;985;0;0;1
506496;32;0;455.6;8;18/06/2021;58.664;1;750;0;0;1
506497;40;0;89.3;4;2/08/2021;19.87;1;539;0;0;0
506498;60;0;217;15;13/05/2021;14.692;1;1037;0;0;0
506499;29;0;41.7;4;30/05/2021;13.481;1;929;0;0;0
506500;58;1;72.8;2;15/04/2021;40.917;1;881;0;0;0
506501;36;1;62.2;2;21/03/2021;57.309;1;656;0;1;1
506502;57;0;25.3;1;28/08/2021;21.548;2;897;3;0;0
506503;45;0;96;2;25/10/2021;58.096;1;1148;0;0;0
506504;40;0;78;3;17/04/2021;39.359;1;758;0;0;1
506505;35;1;550;13;11/11/2021;36.228;1;777;1;1;0
506506;29;1;165.2;3;28/07/2021;63.139;1;588;0;0;1
506507;37;1;86.9;4;3/03/2021;18.667;1;650;0;1;1
506508;47;1;248.1;9;14/05/2021;47.027;2;547;2;1;0
506509;36;0;28.2;2;3/01/2021;15.483;1;784;1;0;0
506510;32;0;60.3;4;15/01/2021;18.976;1;649;4;0;1
506511;33;0;177.3;8;3/05/2021;20.268;1;787;3;1;1
506512;48;0;60.2;1;15/06/2021;56.458;2;599;1;0;1
506513;51;0;363.2;5;19/10/2021;48.587;1;730;1;0;0
506514;28;1;700;9;19/02/2021;50.906;1;608;0;1;0
506515;28;0;77.3;2;3/11/2021;32.552;1;754;3;0;0
506516;41;1;363.8;11;27/03/2021;35.243;1;466;1;1;1
506517;54;0;55.1;1;20/02/2021;52.001;1;807;0;0;1
506518;50;0;189.5;5;13/09/2021;32.795;1;730;0;0;0
506519;21;1;307;5;10/10/2021;36.144;1;793;1;0;0
506520;33;0;273;6;9/08/2021;32.849;0;483;0;1;0
506521;25;0;310.9;11;12/02/2021;32.434;1;858;2;0;0
506522;33;0;709.9;9;12/02/2021;84.723;1;726;0;1;0
506523;55;1;321.7;4;23/05/2021;51.454;2;779;2;0;0
506524;19;0;180.9;6;14/06/2021;39.997;2;443;0;1;0
506525;18;1;295.6;10;31/12/2021;27.68;1;536;1;0;0
506526;26;1;532.3;18;15/04/2021;34.889;0;710;0;0;0
506527;39;1;985.8;21;12/03/2021;52.79;0;1028;0;1;0
506528;43;0;171.2;4;12/12/2021;42.722;0;875;0;1;1
506529;41;1;32.8;1;26/02/2021;28.341;1;803;0;0;0
506530;50;0;17.1;1;10/01/2021;16.245;1;614;0;1;0
506531;18;1;33.3;1;4/06/2021;26.783;2;541;2;0;0
506532;50;0;400;7;27/05/2021;47.586;1;830;0;1;0
506533;32;0;190.7;8;15/08/2021;19.644;0;886;1;1;0
506534;45;0;509.5;7;17/11/2021;68.963;1;798;1;1;0
506535;20;1;262.1;5;7/12/2021;36.043;1;1088;0;0;0
506536;36;1;63.4;1;16/04/2021;60.23;0;597;3;1;0
506537;39;0;570.3;17;24/12/2021;32.1;2;772;2;1;0
506538;50;0;15.4;1;19/08/2021;14.425;1;435;2;0;1
506539;18;1;86.5;3;26/01/2021;26.407;1;778;2;1;0
506540;36;1;270.6;8;9/12/2021;25.604;2;1024;1;0;0
506541;23;1;83.1;5;20/02/2021;22.988;1;523;4;0;0
506542;42;0;528.9;12;3/08/2021;46.944;2;932;0;1;1
506543;45;1;141.1;7;16/10/2021;23.104;1;1039;0;0;0
506544;51;1;124.9;5;2/04/2021;18.526;1;636;1;1;0
506545;30;0;300.7;8;9/04/2021;25.339;1;864;0;0;0
506546;47;0;283.4;7;23/06/2021;58.997;2;1044;1;0;1
506547;52;0;321.3;9;19/11/2021;30.721;1;821;0;1;0
506548;18;0;244.3;5;23/03/2021;21.22;1;922;0;1;0
506549;43;1;32;1;31/08/2021;30.4;0;401;3;1;1
506550;48;0;224;4;15/06/2021;56.382;0;887;0;0;0
506551;33;1;415.8;9;10/02/2021;41.633;1;873;0;0;0
506552;21;0;103.7;2;17/09/2021;41.202;1;521;1;1;0
506553;47;1;186.7;3;31/10/2021;49.147;2;566;2;1;1
506554;22;1;131.5;6;30/07/2021;14.797;1;849;2;1;0
506555;34;1;49.4;2;6/03/2021;31.615;1;726;0;1;0
506556;36;1;68.5;1;26/02/2021;50.949;2;920;3;0;0
506557;45;0;13.9;1;4/06/2021;13.1;1;816;1;0;0
506558;28;1;39.2;3;4/07/2021;13.629;1;750;2;0;0
506559;28;1;173.1;9;21/07/2021;20.524;2;749;0;0;0
506560;37;0;57.4;2;30/03/2021;23.805;0;833;0;0;0
506561;48;1;276.5;9;2/07/2021;34.928;1;925;0;1;0
506562;63;0;384.2;14;18/04/2021;19.521;2;856;1;0;0
506563;18;1;458.5;12;8/09/2021;39.662;0;704;0;0;0
506564;40;0;780.3;7;18/10/2021;90.913;1;1003;0;1;0
506565;23;1;30.3;1;27/08/2021;26.272;1;878;1;0;0
506566;48;0;28.3;2;1/01/2021;18.189;1;849;0;1;0
506567;25;0;197.4;9;29/12/2021;27.455;1;797;0;1;0
506568;28;0;653.3;13;9/01/2021;42.524;2;870;0;1;0
506569;29;1;51.6;2;31/12/2021;39.824;0;390;3;1;1
506570;35;0;98.2;2;12/01/2021;47.346;0;803;1;1;0
506571;40;1;186.7;7;8/07/2021;29.978;0;1055;1;0;0
506572;42;0;744.9;21;8/02/2021;44.74;0;760;3;1;1
506573;36;1;133.4;1;4/02/2021;126.73;1;775;1;1;1
506574;20;0;73.6;2;7/09/2021;26.443;1;673;0;0;0
506575;45;1;119.7;3;23/09/2021;34.844;2;849;1;1;0
506576;35;1;84.5;3;13/02/2021;39.595;1;685;3;0;0
506577;50;0;112.4;1;23/12/2021;105.653;1;1016;0;0;0
506578;28;0;308.7;5;27/04/2021;49.983;1;605;1;0;0
506579;18;1;64.2;2;27/04/2021;39.649;2;699;0;1;1
506580;36;0;27.3;1;19/04/2021;25.935;0;632;2;0;0
506581;52;0;112;2;18/06/2021;64.202;2;1090;1;0;0
506582;38;0;328.7;8;6/03/2021;31.106;1;686;3;0;0
506583;34;1;104.9;2;5/06/2021;67.53;1;661;1;1;0
506584;26;1;640.8;24;18/03/2021;29.622;1;404;0;1;0
506585;57;1;100.8;5;19/01/2021;26.25;1;616;0;0;0
506586;24;1;20.5;1;15/05/2021;16.788;1;815;3;0;0
506587;27;0;389.4;12;3/09/2021;41.994;1;874;0;1;0
506588;43;0;110.2;9;6/10/2021;14.749;1;663;0;1;0
506589;18;0;314.6;6;9/05/2021;56.76;2;653;1;0;0
506590;51;0;55.6;3;29/04/2021;17.978;1;1115;0;1;0
506591;43;0;26.6;2;15/10/2021;14.68;1;1265;0;1;0
506592;47;1;134.6;4;6/09/2021;33.626;0;987;0;0;0
506593;43;0;158.4;5;31/10/2021;51.224;1;1061;0;0;0
506594;34;0;521.3;13;27/11/2021;38.382;0;1079;1;0;1
506595;23;0;407.3;8;27/10/2021;47.005;2;1179;0;1;0
506596;34;0;164.4;4;8/12/2021;43.631;1;726;0;1;1
506597;24;0;95.2;4;2/06/2021;44.431;1;582;2;0;0
506598;42;0;358.5;5;25/05/2021;76.541;1;1110;0;1;1
506599;46;0;85.9;4;28/04/2021;25.5;0;586;1;0;0
506600;54;1;125.3;4;27/03/2021;36.816;1;595;0;1;0
506601;40;1;16.5;1;1/10/2021;15.675;2;599;0;1;1
506602;47;1;826.4;9;18/09/2021;73.252;1;736;1;1;1
506603;32;1;277.3;6;20/10/2021;29.183;1;403;1;1;0
506604;30;1;94.1;2;3/03/2021;39.442;1;462;3;0;1
506605;42;1;251;9;29/06/2021;28.825;1;668;0;0;0
506606;31;0;580.1;15;23/03/2021;29.066;1;565;0;0;1
506607;39;1;542.5;8;22/11/2021;46.833;0;971;0;1;0
506608;23;0;230.2;5;8/04/2021;50.952;1;781;0;0;1
506609;25;0;180;11;22/02/2021;26.001;1;884;0;1;0
506610;44;0;171.2;3;28/07/2021;70.589;1;804;3;0;0
506611;47;0;57.4;2;17/11/2021;49.466;0;703;2;0;0
506612;24;1;673.8;11;1/12/2021;68.882;2;958;0;0;0
506613;44;0;88;6;5/02/2021;14.402;1;861;0;1;0
506614;30;1;26.2;1;29/04/2021;24.89;1;723;0;0;0
506615;36;1;64.6;1;26/02/2021;51.681;1;477;0;0;0
506616;53;0;42.3;2;23/04/2021;20.22;1;854;1;0;0
506617;46;0;165.6;9;14/07/2021;31.71;2;493;3;1;1
506618;46;0;91.5;4;13/04/2021;21.658;1;848;0;1;0
506619;59;0;131.9;5;25/01/2021;41.208;1;794;0;1;0
506620;28;1;354.9;7;6/07/2021;33.351;2;535;0;1;1
506621;24;1;46.2;3;20/01/2021;21.232;1;827;0;0;0
506622;27;1;235.2;4;24/03/2021;83.675;1;754;3;1;1
506623;33;0;275.4;7;1/01/2021;44.014;1;775;2;0;0
506624;18;1;170.4;4;1/02/2021;41.432;1;766;2;0;0
506625;34;1;129.5;4;9/06/2021;35.932;1;623;2;0;0
506626;29;0;99.7;3;7/11/2021;49.312;1;886;0;1;0
506627;45;0;184.6;4;10/10/2021;45.27;0;636;1;0;0
506628;40;0;17.8;1;6/02/2021;16.91;1;567;1;0;1
506629;29;0;278.3;4;13/01/2021;81.024;1;901;0;1;0
506630;43;1;335.6;3;4/05/2021;75.234;0;949;0;0;0
506631;45;1;55.5;2;27/08/2021;34.337;2;869;1;1;1
506632;27;0;30.3;2;30/09/2021;18.057;1;683;3;1;1
506633;30;1;43.5;2;28/10/2021;21.011;0;431;0;0;0
506634;18;0;22.2;1;5/05/2021;19.65;1;987;3;0;0
506635;23;0;162.7;4;3/03/2021;38.085;1;368;3;0;0
506636;27;1;112.5;7;10/01/2021;32.803;0;825;3;1;1
506637;37;1;120.7;5;23/02/2021;26.126;0;1160;0;1;0
506638;25;1;47;1;24/01/2021;44.65;2;807;0;1;0
506639;30;0;172.8;7;11/11/2021;33.414;1;812;1;0;0
506640;21;1;268.1;7;8/04/2021;58.176;1;848;0;0;1
506641;38;1;177.4;4;28/10/2021;33.711;2;816;0;1;0
506642;41;1;224.3;3;21/07/2021;72.59;1;1163;2;1;0
506643;41;0;413.4;5;16/07/2021;94.906;1;628;0;0;0
506644;36;0;250.7;6;15/06/2021;38.546;0;606;0;0;0
506645;18;1;112.3;3;27/10/2021;27.682;1;661;3;0;0
506646;29;1;305.9;8;16/01/2021;33.655;0;1093;0;0;0
506647;31;1;151.8;2;3/02/2021;54.164;0;616;3;1;0
506648;31;1;229.9;4;4/06/2021;58.183;2;857;0;1;1
506649;37;1;87.1;5;24/05/2021;14.705;1;973;0;0;0
506650;53;1;48.8;1;19/07/2021;45.855;0;920;0;0;0
506651;46;0;40.4;1;27/09/2021;29.978;2;963;0;0;0
506652;24;0;239.4;4;3/08/2021;39.263;1;1035;0;0;0
506653;44;0;71.1;2;4/04/2021;33.937;0;795;2;0;0
506654;44;1;61.1;3;30/04/2021;28.093;1;638;3;0;0
506655;26;0;33.8;2;2/10/2021;16.368;0;806;0;0;0
506656;46;0;34.2;2;15/03/2021;17.475;1;719;0;1;0
506657;34;1;332;9;4/07/2021;31.176;1;1214;1;1;0
506658;19;1;31.8;1;16/07/2021;30.21;2;684;0;1;0
506659;41;0;172.7;5;1/10/2021;33.667;1;867;0;1;0
506660;39;0;95.2;2;18/09/2021;46.217;1;510;0;0;1
506661;33;1;42.7;2;19/06/2021;28.119;2;804;0;0;1
506662;36;0;40;2;23/04/2021;18.482;0;728;0;0;0
506663;27;0;172;3;15/05/2021;54.068;1;902;0;0;0
506664;43;0;78.4;3;31/05/2021;45.496;1;886;1;0;0
506665;35;0;179.5;7;22/03/2021;28.436;1;1035;0;1;1
506666;38;1;390.7;11;17/08/2021;51.334;1;1021;0;1;0
506667;40;0;31.2;1;18/03/2021;22.068;1;768;0;1;0
506668;22;0;62.8;2;25/08/2021;36.491;0;610;0;1;0
506669;25;0;233.8;7;2/10/2021;37.467;0;571;3;1;0
506670;18;0;123.4;4;18/12/2021;25.286;1;814;1;0;0
506671;43;0;46.2;2;13/02/2021;42.101;2;748;3;1;0
506672;21;1;178.1;13;5/10/2021;18.401;1;826;0;0;0
506673;38;0;141.7;3;1/02/2021;34.329;2;684;0;1;0
506674;40;0;304.5;9;4/05/2021;34.382;2;1039;0;1;0
506675;43;0;26.8;1;6/03/2021;25.084;1;515;0;0;1
506676;22;1;184.5;5;1/03/2021;44.847;1;654;1;0;0
506677;35;0;288.1;7;6/03/2021;57.709;1;586;0;1;0
506678;56;1;37;1;17/01/2021;34.869;0;742;0;1;0
506679;57;1;38.4;1;28/10/2021;36.48;1;1004;0;0;0
506680;48;1;195.4;4;23/01/2021;31.603;2;728;0;0;0
506681;40;1;177.5;7;26/05/2021;33.367;1;798;0;0;0
506682;24;0;39.7;2;13/09/2021;28.182;1;880;1;0;0
506683;45;1;64.7;2;28/12/2021;34.861;1;660;3;0;0
506684;34;1;342.1;11;8/11/2021;30.934;0;849;0;0;0
506685;43;0;664.2;10;20/02/2021;72.469;0;825;0;0;0
506686;28;1;153.8;5;27/12/2021;31.324;0;576;0;0;0
506687;34;0;842.7;25;27/08/2021;22.544;1;696;0;1;0
506688;38;1;36.7;3;7/03/2021;16.194;1;824;1;1;0
506689;39;1;257.8;5;13/06/2021;54.332;2;1011;0;0;0
506690;42;1;187.8;2;2/12/2021;66.082;2;941;4;0;0
506691;29;0;354.7;11;24/05/2021;23.603;1;1117;2;1;1
506692;20;1;422.8;9;9/03/2021;43.171;2;867;0;0;0
506693;55;1;194.7;7;16/11/2021;43.73;0;646;3;0;0
506694;66;0;88.8;2;14/12/2021;36.477;1;748;1;0;0
506695;41;1;25.8;1;23/12/2021;20.865;1;690;4;0;0
506696;20;1;314.8;7;15/12/2021;41.143;1;707;0;1;0
506697;27;1;112.4;2;15/11/2021;62.419;1;779;4;0;0
506698;42;1;162.9;3;15/06/2021;64.954;0;857;0;0;0
506699;52;0;113.4;2;12/03/2021;44.905;1;569;0;0;0
506700;21;0;209.3;4;14/08/2021;47.076;1;916;3;0;0
506701;35;0;63.4;3;22/03/2021;17.64;1;449;0;1;1
506702;38;0;297.9;7;22/06/2021;45.387;2;740;0;1;0
506703;46;0;501.5;9;28/08/2021;54.613;2;987;0;1;1
506704;32;1;265.9;11;12/12/2021;35.269;1;889;0;0;1
506705;18;0;354;7;16/04/2021;34.234;1;716;0;0;0
506706;43;1;385.3;9;2/04/2021;27.309;2;1134;0;1;0
506707;49;0;123.7;7;26/09/2021;17.742;1;701;0;0;0
506708;35;0;85.9;3;3/01/2021;44.784;0;380;2;1;0
506709;41;1;220.6;2;26/07/2021;81.145;1;861;0;1;0
506710;30;1;202.6;5;30/09/2021;25.809;1;420;2;0;1
506711;26;0;101.1;3;21/07/2021;36.619;1;610;1;1;0
506712;48;1;35.4;2;21/05/2021;19.278;0;852;2;0;0
506713;41;0;207.8;6;30/10/2021;37.707;1;657;2;1;0
506714;42;0;70.7;3;16/05/2021;25.291;1;825;3;0;0
506715;54;0;44.4;1;17/09/2021;33.589;2;572;0;0;0
506716;23;1;377.6;6;19/06/2021;55.401;1;915;1;0;0
506717;29;0;117.9;4;10/01/2021;38.502;0;416;3;0;0
506718;38;1;62.8;2;13/07/2021;33.648;1;997;1;1;0
506719;29;1;148.2;6;19/01/2021;22.9;1;694;0;0;0
506720;45;0;85.4;2;6/12/2021;50.016;1;1036;1;0;0
506721;34;1;23.1;1;8/08/2021;20.689;1;589;2;0;0
506722;24;0;65.4;1;16/05/2021;62.13;0;1126;0;1;0
506723;37;0;494.7;10;27/06/2021;37.421;1;588;1;0;0
506724;38;0;207.7;8;15/08/2021;21.513;0;417;2;1;0
506725;47;0;162.8;10;5/04/2021;18.217;1;788;0;1;0
506726;41;0;223.9;7;16/04/2021;35.39;0;1002;0;1;1
506727;42;0;196.5;8;2/06/2021;29.754;1;922;0;1;0
506728;40;1;73.4;1;5/04/2021;43.803;2;969;1;1;0
506729;34;0;235.1;9;4/10/2021;22.041;1;926;0;0;0
506730;27;0;107.7;3;7/02/2021;50.853;1;612;1;1;0
506731;39;1;21.1;2;29/10/2021;11.192;1;918;0;0;0
506732;32;0;258;11;8/05/2021;35.223;0;737;3;0;0
506733;56;1;114.7;5;24/07/2021;25.504;1;612;2;0;0
506734;52;1;225.2;6;27/02/2021;36.827;1;772;2;0;0
506735;44;0;74.6;1;21/05/2021;60.18;1;770;0;1;0
506736;41;0;270.3;4;3/10/2021;52.573;1;1035;0;0;0
506737;35;0;324;11;9/04/2021;41.484;1;667;1;1;0
506738;21;0;505.3;8;18/02/2021;60.453;2;679;0;1;0
506739;33;0;280.9;4;10/07/2021;64.814;0;654;0;0;0
506740;37;1;73.2;1;1/03/2021;69.54;1;1121;0;0;0
506741;39;1;27.7;1;25/04/2021;26.315;1;664;0;0;0
506742;42;0;122.2;3;14/06/2021;49.923;0;993;1;0;0
506743;47;1;194.4;4;25/07/2021;50.899;1;594;0;1;0
506744;28;0;511.6;12;22/08/2021;35.131;1;871;0;0;0
506745;28;1;58.8;1;4/09/2021;55.713;1;827;0;0;0
506746;53;1;133.9;4;5/11/2021;42.145;2;1002;0;0;1
506747;45;0;19.2;1;25/01/2021;18.24;0;976;0;0;0
506748;31;0;63;1;13/05/2021;59.85;1;755;2;1;0
506749;35;0;116.8;5;1/01/2021;25.777;1;623;3;1;0
506750;35;1;16.9;1;4/01/2021;15.411;2;1012;3;1;0
506751;36;0;806.1;7;19/03/2021;147.044;2;665;0;0;0
506752;42;1;95.3;5;7/08/2021;21.509;2;372;0;1;0
506753;66;0;304.6;7;23/11/2021;54.169;2;445;0;1;1
506754;38;0;54.6;2;10/10/2021;25.522;0;469;1;0;1
506755;44;1;77.8;4;24/08/2021;29.505;2;867;1;1;0
506756;18;0;165.3;8;12/10/2021;23.788;0;1139;2;0;0
506757;30;0;98;3;4/03/2021;22.356;1;413;0;1;0
506758;51;1;502.6;7;3/11/2021;54.324;1;619;1;0;0
506759;41;0;1836.8;15;21/11/2021;94.346;1;736;3;1;0
506760;18;1;327.8;7;4/02/2021;33.337;0;1058;0;1;0
506761;44;1;121;10;21/06/2021;15.426;1;598;2;1;0
506762;59;0;315.5;10;30/10/2021;22.974;0;866;1;0;0
506763;18;1;94.5;7;23/06/2021;22.83;2;735;0;0;0
506764;54;0;267.3;8;3/11/2021;43.566;1;1189;3;1;1
506765;18;1;99.5;3;8/12/2021;31.466;1;766;2;1;1
506766;47;1;767.9;8;23/06/2021;91.536;0;804;2;1;0
506767;36;1;141.6;4;22/01/2021;33.503;2;795;0;0;0
506768;18;1;225;6;5/05/2021;47.807;1;705;0;0;0
506769;41;0;51.3;3;20/03/2021;37.354;1;931;1;1;1
506770;50;1;163.4;4;23/06/2021;40.352;1;571;0;1;1
506771;40;0;535.9;14;2/08/2021;29.776;2;420;0;1;0
506772;43;1;179.1;5;19/06/2021;34.915;1;753;0;1;0
506773;31;0;118.9;4;13/03/2021;27.994;2;927;0;0;0
506774;18;0;302;8;20/04/2021;34.486;1;655;1;0;0
506775;44;0;46.2;2;6/09/2021;31.742;2;814;0;0;1
506776;57;0;768.4;8;10/01/2021;100.052;1;560;0;0;0
506777;50;0;200.9;6;20/03/2021;49.389;2;971;0;1;1
506778;18;0;55.6;1;22/11/2021;43.154;2;897;0;0;0
506779;18;1;51.6;3;6/02/2021;30.81;2;784;0;1;0
506780;26;1;105.8;6;1/06/2021;20.769;1;810;0;0;1
506781;18;0;111.5;4;17/03/2021;18.116;1;529;0;1;0
506782;37;1;217.9;6;8/02/2021;32.361;1;537;0;1;0
506783;41;0;73.2;3;4/06/2021;32.521;1;738;1;0;0
506784;19;1;440.1;10;10/07/2021;39.641;1;872;0;0;0
506785;45;0;487.6;10;6/03/2021;39.973;1;862;1;1;0
506786;43;1;340.2;11;29/01/2021;32.441;1;715;0;1;1
506787;29;0;406.3;3;19/02/2021;117.673;1;894;1;0;0
506788;34;0;91.9;3;26/08/2021;41.745;2;1016;1;1;0
506789;18;1;192.1;8;11/11/2021;32.12;0;764;0;0;1
506790;32;1;163.6;5;7/03/2021;30.144;1;816;1;0;0
506791;36;1;218.4;5;27/04/2021;47.452;2;703;2;0;0
506792;38;0;169.7;6;6/05/2021;31.637;1;757;0;1;0
506793;41;0;534.8;12;12/05/2021;61.823;1;791;1;1;1
506794;39;1;46.7;1;31/03/2021;32.994;0;1047;2;0;0
506795;33;0;301.1;10;21/01/2021;29.425;1;945;0;1;0
506796;39;0;181.3;8;11/07/2021;17.777;1;869;3;1;0
506797;48;0;66.5;2;11/05/2021;57.54;0;698;0;0;0
506798;35;0;82.9;3;5/05/2021;21.895;1;598;1;1;0
506799;40;0;71.6;2;7/04/2021;47.586;2;790;3;1;0
506800;34;0;149.7;6;6/12/2021;26.749;1;934;4;0;0
506801;28;1;220.4;4;11/08/2021;52.58;1;1070;1;0;0
506802;42;1;833.6;8;2/06/2021;63.599;2;319;1;0;0
506803;29;1;196.2;5;16/03/2021;24.938;0;1220;0;0;0
506804;41;1;141.3;6;20/10/2021;23.978;1;855;0;1;0
506805;36;0;723.6;7;21/11/2021;93.077;1;904;2;0;0
506806;32;1;481.2;13;12/01/2021;43.027;2;467;0;0;0
506807;32;1;239.8;5;6/12/2021;47.479;1;697;2;1;0
506808;30;1;37.9;2;13/09/2021;19.042;1;928;0;1;0
506809;18;0;341.9;15;6/02/2021;21.03;1;569;0;1;0
506810;41;1;234.2;7;2/10/2021;38.499;1;260;0;1;0
506811;39;1;834.1;25;9/02/2021;29.504;1;840;0;1;0
506812;46;1;301.6;12;19/01/2021;22.938;0;771;0;1;0
506813;30;1;60.7;2;12/02/2021;39.684;1;1039;0;0;0
506814;59;1;48.8;3;17/06/2021;16.713;2;681;4;0;0
506815;31;1;68.9;2;15/08/2021;39.319;2;724;2;0;0
506816;25;1;152.3;4;29/05/2021;22.872;2;866;2;0;0
506817;24;1;66.3;1;14/02/2021;48.145;2;966;0;0;0
506818;18;1;44.5;1;14/03/2021;34.799;1;652;0;0;0
506819;54;0;49;1;8/11/2021;46.55;0;930;1;0;0
506820;52;1;313.4;3;18/12/2021;65.88;1;686;0;0;0
506821;43;0;26.5;1;3/10/2021;25.175;1;783;0;0;0
506822;25;0;36.6;2;7/02/2021;21.855;1;841;3;0;0
506823;58;0;218.2;2;27/10/2021;61.904;2;932;0;1;0
506824;32;0;687.4;8;10/09/2021;72.719;0;777;3;0;0
506825;33;0;153.6;3;12/07/2021;62.301;1;586;0;0;0
506826;53;0;45.9;4;22/02/2021;12.629;0;443;0;0;0
506827;44;0;175.7;3;30/12/2021;52.482;1;746;0;1;1
506828;62;1;67.1;3;11/06/2021;25.915;1;895;3;1;1
506829;39;1;219.5;4;17/01/2021;60.389;1;841;1;0;1
506830;31;1;440.5;9;18/03/2021;35.622;0;784;2;1;1
506831;29;0;102.1;4;27/05/2021;30.087;1;779;0;1;0
506832;18;0;96.3;4;23/01/2021;27.029;1;776;3;1;0
506833;33;1;54.8;1;29/04/2021;27.254;0;581;1;1;0
506834;50;0;23.3;1;20/06/2021;20.679;1;900;1;0;0
506835;43;1;196.6;6;13/12/2021;28.876;2;892;2;0;0
506836;36;1;267.7;5;1/02/2021;36.387;2;676;2;0;0
506837;24;0;485.3;6;30/07/2021;69.968;1;839;1;0;0
506838;39;0;491.4;8;1/12/2021;44.072;1;471;0;0;0
506839;48;0;87.4;4;22/10/2021;31.011;1;772;2;1;0
506840;41;1;70.7;2;4/12/2021;35.115;2;756;0;0;1
506841;38;0;55.3;6;4/03/2021;10.456;1;937;4;0;1
506842;26;1;133.6;4;20/10/2021;29.341;1;744;0;1;0
506843;46;1;47.1;2;24/12/2021;44.689;1;936;0;0;1
506844;18;0;159.1;9;30/04/2021;25.249;1;710;0;0;0
506845;41;0;29.4;1;2/07/2021;27.93;2;349;1;0;0
506846;67;0;42.7;3;13/07/2021;11.799;1;739;0;0;0
506847;18;0;25.2;2;30/06/2021;17.429;0;775;2;0;0
506848;33;1;151.9;8;16/04/2021;21.76;2;787;1;0;0
506849;36;1;138.4;5;21/12/2021;25.278;1;810;0;1;0
506850;30;1;128;14;16/12/2021;10.176;0;689;0;0;1
506851;48;0;84.1;2;19/05/2021;32.436;1;682;2;1;0
506852;42;0;227.9;5;21/10/2021;37.333;2;517;3;0;1
506853;38;1;259.2;8;26/05/2021;42.109;1;421;0;0;0
506854;46;1;84.7;3;18/10/2021;28.818;0;701;3;0;0
506855;36;1;579.2;13;2/08/2021;50.728;1;646;0;1;0
506856;74;1;236.9;2;21/06/2021;97.762;2;954;1;1;1
506857;38;1;22.8;1;16/02/2021;18.205;1;347;2;0;0
506858;38;0;142.4;9;27/08/2021;19.962;1;832;0;1;0
506859;18;0;109.2;2;28/04/2021;38.661;2;1162;0;0;0
506860;29;1;167.2;5;21/03/2021;46.473;0;727;1;1;0
506861;50;0;55.8;3;12/03/2021;20.831;0;780;0;1;0
506862;20;1;74;1;25/12/2021;70.3;1;857;0;0;0
506863;18;0;77.8;4;7/02/2021;21.756;1;871;0;0;0
506864;36;0;35.2;2;19/10/2021;30.716;2;666;2;0;0
506865;52;0;459.8;9;13/11/2021;56.759;2;599;0;1;1
506866;37;1;261;6;12/01/2021;66.762;1;897;0;0;0
506867;32;1;79.3;4;4/08/2021;22.361;1;367;4;0;0
506868;18;0;789.5;13;30/07/2021;45.481;1;890;2;1;0
506869;41;0;69.4;2;11/05/2021;33.313;2;709;0;0;0
506870;44;0;63.2;2;1/09/2021;18.081;1;781;0;1;0
506871;18;0;198.4;6;30/05/2021;25.239;1;685;0;0;0
506872;50;1;191;7;10/06/2021;20.965;2;1038;0;1;0
506873;45;0;299.1;7;7/06/2021;49.004;0;825;0;1;0
506874;50;0;35.5;2;20/10/2021;18.993;1;722;0;0;0
506875;43;0;48.6;1;20/08/2021;42.582;1;717;0;0;0
506876;44;1;312.8;10;19/05/2021;35.44;1;733;1;1;0
506877;42;1;171.2;4;5/12/2021;48.649;0;1211;0;1;1
506878;46;1;47.7;1;20/10/2021;35.954;1;543;0;0;0
506879;18;1;22.7;1;7/12/2021;21.565;1;935;2;1;0
506880;18;1;493.6;18;24/09/2021;39.384;1;882;0;1;0
506881;27;0;314.1;7;23/05/2021;37.735;2;1037;1;1;0
506882;34;1;49.8;2;10/10/2021;27.678;1;893;0;0;0
506883;41;1;207.6;2;1/05/2021;134.091;1;761;1;0;1
506884;40;0;75.2;2;9/04/2021;20.503;2;964;0;0;0
506885;49;1;187.5;4;14/06/2021;45.151;1;821;0;0;0
506886;50;1;622.3;8;20/12/2021;46.022;1;876;2;0;0
506887;26;1;203.6;8;27/07/2021;30.672;1;1037;0;0;0
506888;39;0;312.3;9;21/05/2021;45.484;2;797;0;1;1
506889;26;0;341.4;9;18/06/2021;42.693;1;704;0;0;0
506890;34;1;197.8;6;17/04/2021;33.789;2;664;0;0;0
506891;40;0;132.4;5;29/08/2021;32.469;2;861;0;1;1
506892;18;0;225;9;8/05/2021;32.012;2;622;0;1;0
506893;65;0;277.5;8;22/07/2021;27.394;1;717;0;1;0
506894;43;0;135.5;2;15/05/2021;66.055;1;586;1;1;0
506895;29;1;940.9;15;28/04/2021;50.767;1;832;2;0;0
506896;59;1;40.4;1;21/12/2021;37.237;1;645;0;0;0
506897;32;1;275.9;6;7/05/2021;24.247;1;488;3;1;0
506898;38;0;125.9;4;26/01/2021;30.29;1;580;0;0;0
506899;30;0;34.3;1;19/05/2021;26.79;2;677;0;0;0
506900;56;0;510.5;10;14/07/2021;40.967;2;674;1;1;1
506901;35;0;38.8;3;4/02/2021;17.297;1;805;1;0;0
506902;38;1;41.9;2;22/04/2021;27.177;1;751;0;0;0
506903;50;0;26.9;1;2/03/2021;25.307;2;777;4;0;1
506904;43;0;213.2;9;2/07/2021;27.784;2;801;3;1;1
506905;35;1;590.8;8;21/09/2021;79.526;0;913;0;1;0
